Date,ClosingQuote,Change ($),Change (%),Volume Traded
2006-06-05,5.53,0,0,0
2006-06-06,5.52,-0.01,-0.18,3450
2006-06-07,5.52,0,0,0
2006-06-08,5.52,0,0,0
2006-06-09,5.52,0,0,0
2006-06-10,5.52,0,0,0
2006-06-11,5.52,0,0,0
2006-06-12,5.52,0,0,0
2006-06-13,5.52,0,0,0
2006-06-14,5.52,0,0,0
2006-06-15,5.52,0,0,0
2006-06-16,5.52,0,0,0
2006-06-17,5.52,0,0,0
2006-06-18,5.52,0,0,0
2006-06-19,5.52,0,0,0
2006-06-20,5.43,-0.09,-1.63,276
2006-06-21,5.43,0,0,0
2006-06-22,5.43,0,0,0
2006-06-23,5.43,0,0,0
2006-06-24,5.43,0,0,0
2006-06-25,5.43,0,0,0
2006-06-26,5.43,0,0,0
2006-06-27,5.42,-0.01,-0.18,400
2006-06-28,5.42,0,0,0
2006-06-29,5.42,0,0,0
2006-06-30,5.42,0,0,0
2006-07-01,5.42,0,0,0
2006-07-02,5.42,0,0,0
2006-07-03,5.42,0,0,0
2006-07-04,5.2,-0.22,-4.06,956
2006-07-05,5,-0.2,-3.85,6240
2006-07-06,5,0,0,0
2006-07-07,5,0,0,0
2006-07-08,5,0,0,0
2006-07-09,5,0,0,0
2006-07-10,5,0,0,0
2006-07-11,4.8,-0.2,-4,3600
2006-07-12,4.8,0,0,7238
2006-07-13,4.8,0,0,0
2006-07-14,4.8,0,0,22608
2006-07-15,4.8,0,0,0
2006-07-16,4.8,0,0,0
2006-07-17,4.8,0,0,0
2006-07-18,4.8,0,0,2027
2006-07-19,4.8,0,0,1000
2006-07-20,4.8,0,0,0
2006-07-21,4.8,0,0,2358
2006-07-22,4.8,0,0,0
2006-07-23,4.8,0,0,0
2006-07-24,4.8,0,0,0
2006-07-25,4.8,0,0,1500
2006-07-26,4.8,0,0,2000
2006-07-27,4.8,0,0,0
2006-07-28,4.8,0,0,7300
2006-07-29,4.8,0,0,0
2006-07-30,4.8,0,0,0
2006-07-31,4.8,0,0,0
2006-08-01,4.8,0,0,0
2006-08-02,4.8,0,0,8683
2006-08-03,4.8,0,0,0
2006-08-04,4.79,-0.01,-0.21,10300
2006-08-05,4.79,0,0,0
2006-08-06,4.79,0,0,0
2006-08-07,4.79,0,0,0
2006-08-08,4.71,-0.08,-1.67,2400
2006-08-09,4.71,0,0,0
2006-08-10,4.71,0,0,0
2006-08-11,4.7,-0.01,-0.21,417
2006-08-12,4.7,0,0,0
2006-08-13,4.7,0,0,0
2006-08-14,4.7,0,0,0
2006-08-15,4.7,0,0,0
2006-08-16,4.7,0,0,0
2006-08-17,4.7,0,0,0
2006-08-18,4.6,-0.1,-2.13,583
2006-08-19,4.6,0,0,0
2006-08-20,4.6,0,0,0
2006-08-21,4.6,0,0,0
2006-08-22,4.6,0,0,4517
2006-08-23,4.6,0,0,0
2006-08-24,4.6,0,0,0
2006-08-25,4.5,-0.1,-2.17,1100
2006-08-26,4.5,0,0,0
2006-08-27,4.5,0,0,0
2006-08-28,4.5,0,0,0
2006-08-29,4.5,0,0,3187
2006-08-30,4.5,0,0,180
2006-08-31,4.5,0,0,0
2006-09-01,4.34,-0.16,-3.56,3650
2006-09-02,4.34,0,0,0
2006-09-03,4.34,0,0,0
2006-09-04,4.34,0,0,0
2006-09-05,4.35,0.01,0.23,150
2006-09-06,4.35,0,0,0
2006-09-07,4.35,0,0,0
2006-09-08,4.35,0,0,0
2006-09-09,4.35,0,0,0
2006-09-10,4.35,0,0,0
2006-09-11,4.35,0,0,0
2006-09-12,4.34,-0.01,-0.23,2000
2006-09-13,4.34,0,0,0
2006-09-14,4.34,0,0,0
2006-09-15,4.34,0,0,0
2006-09-16,4.34,0,0,0
2006-09-17,4.34,0,0,0
2006-09-18,4.34,0,0,0
2006-09-19,4.34,0,0,0
2006-09-20,4.14,-0.2,-4.61,44250
2006-09-21,4.14,0,0,0
2006-09-22,4,-0.14,-3.38,49739
2006-09-23,4,0,0,0
2006-09-24,4,0,0,0
2006-09-25,4,0,0,0
2006-09-26,4,0,0,0
2006-09-27,4,0,0,0
2006-09-28,4,0,0,0
2006-09-29,4,0,0,10072
2006-09-30,4,0,0,0
2006-10-01,4,0,0,0
2006-10-02,4,0,0,0
2006-10-03,4,0,0,2828
2006-10-04,4,0,0,152200
2006-10-05,4,0,0,0
2006-10-06,4,0,0,60000
2006-10-07,4,0,0,0
2006-10-08,4,0,0,0
2006-10-09,4,0,0,0
2006-10-10,4,0,0,0
2006-10-11,4,0,0,0
2006-10-12,4,0,0,0
2006-10-13,4.25,0.25,6.25,2500
2006-10-14,4.25,0,0,0
2006-10-15,4.25,0,0,0
2006-10-16,4.25,0,0,0
2006-10-17,4.4,0.15,3.53,2500
2006-10-18,4.4,0,0,0
2006-10-19,4.4,0,0,0
2006-10-20,4.4,0,0,0
2006-10-21,4.4,0,0,0
2006-10-22,4.4,0,0,0
2006-10-23,4.4,0,0,0
2006-10-24,4.4,0,0,0
2006-10-25,4.4,0,0,12234
2006-10-26,4.4,0,0,0
2006-10-27,4.4,0,0,0
2006-10-28,4.4,0,0,0
2006-10-29,4.4,0,0,0
2006-10-30,4.4,0,0,0
2006-10-31,4.4,0,0,15947
2006-11-01,4.4,0,0,0
2006-11-02,4.4,0,0,0
2006-11-03,4.5,0.1,2.27,12705
2006-11-04,4.5,0,0,0
2006-11-05,4.5,0,0,0
2006-11-06,4.5,0,0,0
2006-11-07,4.5,0,0,0
2006-11-08,4.5,0,0,0
2006-11-09,4.5,0,0,0
2006-11-10,4.5,0,0,21987
2006-11-11,4.5,0,0,0
2006-11-12,4.5,0,0,0
2006-11-13,4.5,0,0,0
2006-11-14,4.5,0,0,8113
2006-11-15,4.5,0,0,5000
2006-11-16,4.5,0,0,0
2006-11-17,4.5,0,0,0
2006-11-18,4.5,0,0,0
2006-11-19,4.5,0,0,0
2006-11-20,4.5,0,0,0
2006-11-21,4.55,0.05,1.11,73064
2006-11-22,4.55,0,0,0
2006-11-23,4.55,0,0,0
2006-11-24,4.55,0,0,0
2006-11-25,4.55,0,0,0
2006-11-26,4.55,0,0,0
2006-11-27,4.55,0,0,0
2006-11-28,4.55,0,0,2484
2006-11-29,4.55,0,0,10899
2006-11-30,4.55,0,0,0
2006-12-01,4.55,0,0,0
2006-12-02,4.55,0,0,0
2006-12-03,4.55,0,0,0
2006-12-04,4.55,0,0,0
2006-12-05,4.55,0,0,0
2006-12-06,4.55,0,0,0
2006-12-07,4.55,0,0,0
2006-12-08,4.55,0,0,500
2006-12-09,4.55,0,0,0
2006-12-10,4.55,0,0,0
2006-12-11,4.55,0,0,0
2006-12-12,4.5,-0.05,-1.1,156665
2006-12-13,4.5,0,0,0
2006-12-14,4.5,0,0,0
2006-12-15,4.5,0,0,2000
2006-12-16,4.5,0,0,0
2006-12-17,4.5,0,0,0
2006-12-18,4.5,0,0,0
2006-12-19,4.5,0,0,0
2006-12-20,4.5,0,0,4205
2006-12-21,4.5,0,0,0
2006-12-22,4.5,0,0,0
2006-12-23,4.5,0,0,0
2006-12-24,4.5,0,0,0
2006-12-25,4.5,0,0,0
2006-12-26,4.5,0,0,0
2006-12-27,4.5,0,0,0
2006-12-28,4.5,0,0,0
2006-12-29,4.5,0,0,0
2006-12-30,4.5,0,0,0
2006-12-31,4.5,0,0,0
2007-01-01,4.5,0,0,0
2007-01-02,4.5,0,0,0
2007-01-03,4.5,0,0,0
2007-01-04,4.5,0,0,0
2007-01-05,4.5,0,0,1753
2007-01-06,4.5,0,0,0
2007-01-07,4.5,0,0,0
2007-01-08,4.5,0,0,0
2007-01-09,4.5,0,0,0
2007-01-10,4.5,0,0,0
2007-01-11,4.5,0,0,0
2007-01-12,4.5,0,0,5000
2007-01-13,4.5,0,0,0
2007-01-14,4.5,0,0,0
2007-01-15,4.5,0,0,0
2007-01-16,4.5,0,0,0
2007-01-17,4.4,-0.1,-2.22,34237
2007-01-18,4.4,0,0,0
2007-01-19,4.4,0,0,0
2007-01-20,4.4,0,0,0
2007-01-21,4.4,0,0,0
2007-01-22,4.4,0,0,0
2007-01-23,4.4,0,0,0
2007-01-24,4.4,0,0,0
2007-01-25,4.4,0,0,0
2007-01-26,4.4,0,0,0
2007-01-27,4.4,0,0,0
2007-01-28,4.4,0,0,0
2007-01-29,4.4,0,0,0
2007-01-30,4.1,-0.3,-6.82,13305
2007-01-31,4.07,-0.03,-0.73,100888
2007-02-01,4.07,0,0,0
2007-02-02,4.11,0.04,0.98,13397
2007-02-03,4.11,0,0,0
2007-02-04,4.11,0,0,0
2007-02-05,4.11,0,0,0
2007-02-06,4.35,0.24,5.84,200
2007-02-07,4.4,0.05,1.15,13367
2007-02-08,4.4,0,0,0
2007-02-09,4.5,0.1,2.27,46589
2007-02-10,4.5,0,0,0
2007-02-11,4.5,0,0,0
2007-02-12,4.5,0,0,0
2007-02-13,4.5,0,0,0
2007-02-14,4.5,0,0,0
2007-02-15,4.5,0,0,0
2007-02-16,4.5,0,0,0
2007-02-17,4.5,0,0,0
2007-02-18,4.5,0,0,0
2007-02-19,4.5,0,0,0
2007-02-20,4.5,0,0,0
2007-02-21,4.5,0,0,0
2007-02-22,4.5,0,0,0
2007-02-23,4.53,0.03,0.67,23151
2007-02-24,4.53,0,0,0
2007-02-25,4.53,0,0,0
2007-02-26,4.53,0,0,0
2007-02-27,4.6,0.07,1.55,4838
2007-02-28,4.6,0,0,10497
2007-03-01,4.6,0,0,0
2007-03-02,4.6,0,0,10929
2007-03-03,4.6,0,0,0
2007-03-04,4.6,0,0,0
2007-03-05,4.6,0,0,0
2007-03-06,4.6,0,0,0
2007-03-07,4.6,0,0,0
2007-03-08,4.6,0,0,0
2007-03-09,4.6,0,0,0
2007-03-10,4.6,0,0,0
2007-03-11,4.6,0,0,0
2007-03-12,4.6,0,0,0
2007-03-13,4.5,-0.1,-2.17,300
2007-03-14,4.5,0,0,0
2007-03-15,4.5,0,0,0
2007-03-16,4.5,0,0,1500
2007-03-17,4.5,0,0,0
2007-03-18,4.5,0,0,0
2007-03-19,4.5,0,0,0
2007-03-20,4.5,0,0,0
2007-03-21,4.5,0,0,0
2007-03-22,4.5,0,0,0
2007-03-23,4.5,0,0,373
2007-03-24,4.5,0,0,0
2007-03-25,4.5,0,0,0
2007-03-26,4.5,0,0,0
2007-03-27,4.5,0,0,680
2007-03-28,4.5,0,0,100
2007-03-29,4.5,0,0,0
2007-03-30,4.5,0,0,0
2007-03-31,4.5,0,0,0
2007-04-01,4.5,0,0,0
2007-04-02,4.5,0,0,0
2007-04-03,4.5,0,0,0
2007-04-04,4.2,-0.3,-6.67,28148
2007-04-05,4.2,0,0,0
2007-04-06,4.2,0,0,0
2007-04-07,4.2,0,0,0
2007-04-08,4.2,0,0,0
2007-04-09,4.2,0,0,0
2007-04-10,4.2,0,0,0
2007-04-11,4.2,0,0,0
2007-04-12,4.2,0,0,0
2007-04-13,4.2,0,0,1200
2007-04-14,4.2,0,0,0
2007-04-15,4.2,0,0,0
2007-04-16,4.2,0,0,0
2007-04-17,4.2,0,0,0
2007-04-18,4.2,0,0,0
2007-04-19,4.2,0,0,0
2007-04-20,4.2,0,0,981
2007-04-21,4.2,0,0,0
2007-04-22,4.2,0,0,0
2007-04-23,4.2,0,0,0
2007-04-24,4.2,0,0,2300
2007-04-25,4.2,0,0,0
2007-04-26,4.2,0,0,0
2007-04-27,4.3,0.1,2.38,36363
2007-04-28,4.3,0,0,0
2007-04-29,4.3,0,0,0
2007-04-30,4.3,0,0,0
2007-05-01,4.4,0.1,2.33,11800
2007-05-02,4.4,0,0,0
2007-05-03,4.4,0,0,0
2007-05-04,4.4,0,0,13459
2007-05-05,4.4,0,0,0
2007-05-06,4.4,0,0,0
2007-05-07,4.4,0,0,0
2007-05-08,4.3,-0.1,-2.27,30137
2007-05-09,4.29,-0.01,-0.23,939
2007-05-10,4.29,0,0,0
2007-05-11,4.3,0.01,0.23,22571
2007-05-12,4.3,0,0,0
2007-05-13,4.3,0,0,0
2007-05-14,4.3,0,0,0
2007-05-15,4.3,0,0,0
2007-05-16,4.3,0,0,100
2007-05-17,4.3,0,0,0
2007-05-18,4.3,0,0,0
2007-05-19,4.3,0,0,0
2007-05-20,4.3,0,0,0
2007-05-21,4.3,0,0,0
2007-05-22,4.3,0,0,678
2007-05-23,4.3,0,0,0
2007-05-24,4.3,0,0,0
2007-05-25,4.3,0,0,0
2007-05-26,4.3,0,0,0
2007-05-27,4.3,0,0,0
2007-05-28,4.3,0,0,0
2007-05-29,4.3,0,0,0
2007-05-30,4.3,0,0,0
2007-05-31,4.3,0,0,0
2007-06-01,4.3,0,0,16304
2007-06-02,4.3,0,0,0
2007-06-03,4.3,0,0,0
2007-06-04,4.3,0,0,0
2007-06-05,4.3,0,0,0
2007-06-06,4.3,0,0,0
2007-06-07,4.3,0,0,0
2007-06-08,4.3,0,0,0
2007-06-09,4.3,0,0,0
2007-06-10,4.3,0,0,0
2007-06-11,4.3,0,0,0
2007-06-12,4.5,0.2,4.65,486
2007-06-13,4.6,0.1,2.22,5000
2007-06-14,4.6,0,0,0
2007-06-15,5,0.4,8.7,105519
2007-06-16,5,0,0,0
2007-06-17,5,0,0,0
2007-06-18,5,0,0,0
2007-06-19,5,0,0,0
2007-06-20,4.99,-0.01,-0.2,11985
2007-06-21,4.99,0,0,0
2007-06-22,4.99,0,0,0
2007-06-23,4.99,0,0,0
2007-06-24,4.99,0,0,0
2007-06-25,4.99,0,0,0
2007-06-26,4.9,-0.09,-1.8,10200
2007-06-27,4.9,0,0,5000
2007-06-28,4.9,0,0,0
2007-06-29,4.89,-0.01,-0.2,1864
2007-06-30,4.89,0,0,0
2007-07-01,4.89,0,0,0
2007-07-02,4.89,0,0,0
2007-07-03,4.85,-0.04,-0.82,12817
2007-07-04,5,0.15,3.09,220744
2007-07-05,5,0,0,0
2007-07-06,5,0,0,92157
2007-07-07,5,0,0,0
2007-07-08,5,0,0,0
2007-07-09,5,0,0,0
2007-07-10,5,0,0,4000
2007-07-11,5,0,0,0
2007-07-12,5,0,0,0
2007-07-13,4.99,-0.01,-0.2,8673
2007-07-14,4.99,0,0,0
2007-07-15,4.99,0,0,0
2007-07-16,4.99,0,0,0
2007-07-17,4.99,0,0,0
2007-07-18,4.99,0,0,0
2007-07-19,4.99,0,0,0
2007-07-20,4.98,-0.01,-0.2,5
2007-07-21,4.98,0,0,0
2007-07-22,4.98,0,0,0
2007-07-23,4.98,0,0,0
2007-07-24,4.9,-0.08,-1.61,11345
2007-07-25,4.9,0,0,0
2007-07-26,4.9,0,0,0
2007-07-27,4.9,0,0,13000
2007-07-28,4.9,0,0,0
2007-07-29,4.9,0,0,0
2007-07-30,4.9,0,0,0
2007-07-31,4.95,0.05,1.02,737214
2007-08-01,4.95,0,0,0
2007-08-02,4.95,0,0,0
2007-08-03,5,0.05,1.01,66848
2007-08-04,5,0,0,0
2007-08-05,5,0,0,0
2007-08-06,5,0,0,0
2007-08-07,4.9,-0.1,-2,1200
2007-08-08,5,0.1,2.04,40002
2007-08-09,5,0,0,0
2007-08-10,5,0,0,0
2007-08-11,5,0,0,0
2007-08-12,5,0,0,0
2007-08-13,5,0,0,0
2007-08-14,5,0,0,990
2007-08-15,5,0,0,0
2007-08-16,5,0,0,0
2007-08-17,5,0,0,502064
2007-08-18,5,0,0,0
2007-08-19,5,0,0,0
2007-08-20,5,0,0,0
2007-08-21,5,0,0,104300
2007-08-22,5,0,0,56484
2007-08-23,5,0,0,0
2007-08-24,5,0,0,98769
2007-08-25,5,0,0,0
2007-08-26,5,0,0,0
2007-08-27,5,0,0,0
2007-08-28,5.1,0.1,2,92000
2007-08-29,5.1,0,0,19500
2007-08-30,5.1,0,0,0
2007-08-31,5.1,0,0,0
2007-09-01,5.1,0,0,0
2007-09-02,5.1,0,0,0
2007-09-03,5.1,0,0,0
2007-09-04,5.1,0,0,0
2007-09-05,5.1,0,0,5481
2007-09-06,5.1,0,0,0
2007-09-07,5.1,0,0,1145
2007-09-08,5.1,0,0,0
2007-09-09,5.1,0,0,0
2007-09-10,5.1,0,0,0
2007-09-11,5.1,0,0,0
2007-09-12,5.1,0,0,0
2007-09-13,5.1,0,0,0
2007-09-14,5.1,0,0,0
2007-09-15,5.1,0,0,0
2007-09-16,5.1,0,0,0
2007-09-17,5.1,0,0,0
2007-09-18,5.04,-0.06,-1.18,8000
2007-09-19,5.04,0,0,0
2007-09-20,5.04,0,0,0
2007-09-21,5.04,0,0,0
2007-09-22,5.04,0,0,0
2007-09-23,5.04,0,0,0
2007-09-24,5.04,0,0,0
2007-09-25,5.04,0,0,0
2007-09-26,4.99,-0.05,-0.99,475
2007-09-27,4.99,0,0,0
2007-09-28,4.99,0,0,2000
2007-09-29,4.99,0,0,0
2007-09-30,4.99,0,0,0
2007-10-01,4.99,0,0,0
2007-10-02,4.99,0,0,76
2007-10-03,4.99,0,0,0
2007-10-04,4.99,0,0,0
2007-10-05,4.98,-0.01,-0.2,1000
2007-10-06,4.98,0,0,0
2007-10-07,4.98,0,0,0
2007-10-08,4.98,0,0,0
2007-10-09,4.9,-0.08,-1.61,100
2007-10-10,4.9,0,0,0
2007-10-11,4.9,0,0,0
2007-10-12,4.9,0,0,500
2007-10-13,4.9,0,0,0
2007-10-14,4.9,0,0,0
2007-10-15,4.9,0,0,0
2007-10-16,4.79,-0.11,-2.25,3000
2007-10-17,4.75,-0.04,-0.84,12000
2007-10-18,4.75,0,0,0
2007-10-19,4.75,0,0,0
2007-10-20,4.75,0,0,0
2007-10-21,4.75,0,0,0
2007-10-22,4.75,0,0,0
2007-10-23,4.7,-0.05,-1.05,3209
2007-10-24,4.7,0,0,0
2007-10-25,4.7,0,0,0
2007-10-26,4.7,0,0,25856
2007-10-27,4.7,0,0,0
2007-10-28,4.7,0,0,0
2007-10-29,4.7,0,0,0
2007-10-30,4.7,0,0,500
2007-10-31,4.7,0,0,600
2007-11-01,4.7,0,0,0
2007-11-02,4.7,0,0,600
2007-11-03,4.7,0,0,0
2007-11-04,4.7,0,0,0
2007-11-05,4.7,0,0,0
2007-11-06,4.7,0,0,23000
2007-11-07,4.7,0,0,0
2007-11-08,4.7,0,0,0
2007-11-09,4.7,0,0,0
2007-11-10,4.7,0,0,0
2007-11-11,4.7,0,0,0
2007-11-12,4.7,0,0,0
2007-11-13,4.7,0,0,0
2007-11-14,4.7,0,0,2444
2007-11-15,4.7,0,0,0
2007-11-16,4.7,0,0,0
2007-11-17,4.7,0,0,0
2007-11-18,4.7,0,0,0
2007-11-19,4.7,0,0,0
2007-11-20,4.7,0,0,9091
2007-11-21,4.7,0,0,2330
2007-11-22,4.7,0,0,0
2007-11-23,5,0.3,6.38,171798
2007-11-24,5,0,0,0
2007-11-25,5,0,0,0
2007-11-26,5,0,0,0
2007-11-27,5,0,0,100000
2007-11-28,5.1,0.1,2,5150
2007-11-29,5.1,0,0,0
2007-11-30,5.1,0,0,2363
2007-12-01,5.1,0,0,0
2007-12-02,5.1,0,0,0
2007-12-03,5.1,0,0,0
2007-12-04,5.1,0,0,2500
2007-12-05,5,-0.1,-1.96,29000
2007-12-06,5,0,0,0
2007-12-07,5,0,0,0
2007-12-08,5,0,0,0
2007-12-09,5,0,0,0
2007-12-10,5,0,0,0
2007-12-11,5.1,0.1,2,28917
2007-12-12,5.1,0,0,2250
2007-12-13,5.1,0,0,0
2007-12-14,5.11,0.01,0.2,9900
2007-12-15,5.11,0,0,0
2007-12-16,5.11,0,0,0
2007-12-17,5.11,0,0,0
2007-12-18,5.11,0,0,1000
2007-12-19,5.11,0,0,500
2007-12-20,5.11,0,0,0
2007-12-21,5.11,0,0,1820
2007-12-22,5.11,0,0,0
2007-12-23,5.11,0,0,0
2007-12-24,5.11,0,0,0
2007-12-25,5.11,0,0,0
2007-12-26,5.11,0,0,0
2007-12-27,5.11,0,0,0
2007-12-28,5.11,0,0,0
2007-12-29,5.11,0,0,0
2007-12-30,5.11,0,0,0
2007-12-31,5.11,0,0,0
2008-01-01,5.11,0,0,0
2008-01-02,5.11,0,0,0
2008-01-03,5.11,0,0,0
2008-01-04,5.12,0.01,0.2,1000
2008-01-05,5.12,0,0,0
2008-01-06,5.12,0,0,0
2008-01-07,5.12,0,0,0
2008-01-08,5.12,0,0,0
2008-01-09,5.12,0,0,44538
2008-01-10,5.12,0,0,0
2008-01-11,5.12,0,0,1300
2008-01-12,5.12,0,0,0
2008-01-13,5.12,0,0,0
2008-01-14,5.12,0,0,0
2008-01-15,5,-0.12,-2.34,750
2008-01-16,5,0,0,485
2008-01-17,5,0,0,0
2008-01-18,5,0,0,346
2008-01-19,5,0,0,0
2008-01-20,5,0,0,0
2008-01-21,5,0,0,0
2008-01-22,5,0,0,300
2008-01-23,5,0,0,2000
2008-01-24,5,0,0,0
2008-01-25,5,0,0,0
2008-01-26,5,0,0,0
2008-01-27,5,0,0,0
2008-01-28,5,0,0,0
2008-01-29,5,0,0,90
2008-01-30,5,0,0,0
2008-01-31,5,0,0,0
2008-02-01,5,0,0,0
2008-02-02,5,0,0,0
2008-02-03,5,0,0,0
2008-02-04,5,0,0,0
2008-02-05,5,0,0,0
2008-02-06,5,0,0,0
2008-02-07,5,0,0,0
2008-02-08,5,0,0,0
2008-02-09,5,0,0,0
2008-02-10,5,0,0,0
2008-02-11,5,0,0,0
2008-02-12,5,0,0,0
2008-02-13,5,0,0,0
2008-02-14,5,0,0,0
2008-02-15,5,0,0,0
2008-02-16,5,0,0,0
2008-02-17,5,0,0,0
2008-02-18,5,0,0,0
2008-02-19,5,0,0,21133
2008-02-20,5,0,0,26000
2008-02-21,5,0,0,0
2008-02-22,5.01,0.01,0.2,551
2008-02-23,5.01,0,0,0
2008-02-24,5.01,0,0,0
2008-02-25,5.01,0,0,0
2008-02-26,5,-0.01,-0.2,2125
2008-02-27,5,0,0,0
2008-02-28,5,0,0,0
2008-02-29,5,0,0,30000
2008-03-01,5,0,0,0
2008-03-02,5,0,0,0
2008-03-03,5,0,0,0
2008-03-04,5.01,0.01,0.2,8540
2008-03-05,5.01,0,0,34000
2008-03-06,5.01,0,0,0
2008-03-07,5.01,0,0,1500
2008-03-08,5.01,0,0,0
2008-03-09,5.01,0,0,0
2008-03-10,5.01,0,0,0
2008-03-11,5.01,0,0,3500
2008-03-12,5.01,0,0,10000
2008-03-13,5.01,0,0,0
2008-03-14,5.03,0.02,0.4,12940
2008-03-15,5.03,0,0,0
2008-03-16,5.03,0,0,0
2008-03-17,5.03,0,0,0
2008-03-18,5.03,0,0,0
2008-03-19,5.01,-0.02,-0.4,1316
2008-03-20,5.01,0,0,0
2008-03-21,5.01,0,0,0
2008-03-22,5.01,0,0,0
2008-03-23,5.01,0,0,0
2008-03-24,5.01,0,0,0
2008-03-25,5.03,0.02,0.4,4267
2008-03-26,5.01,-0.02,-0.4,1440
2008-03-27,5.01,0,0,0
2008-03-28,5.01,0,0,19543
2008-03-29,5.01,0,0,0
2008-03-30,5.01,0,0,0
2008-03-31,5.01,0,0,0
2008-04-01,5.01,0,0,0
2008-04-02,5.01,0,0,0
2008-04-03,5.03,0.02,0.4,1600
2008-04-04,5.03,0,0,0
2008-04-05,5.03,0,0,0
2008-04-06,5.03,0,0,0
2008-04-07,5.03,0,0,0
2008-04-08,5.01,-0.02,-0.4,338188
2008-04-09,5.01,0,0,0
2008-04-10,5.01,0,0,0
2008-04-11,5.02,0.01,0.2,1135
2008-04-12,5.02,0,0,0
2008-04-13,5.02,0,0,0
2008-04-14,5.02,0,0,0
2008-04-15,5,-0.02,-0.4,92165
2008-04-16,5,0,0,100
2008-04-17,5,0,0,46900
2008-04-18,5,0,0,0
2008-04-19,5,0,0,0
2008-04-20,5,0,0,0
2008-04-21,4.91,-0.09,-1.8,14000
2008-04-22,4.91,0,0,4500
2008-04-23,4.91,0,0,0
2008-04-24,4.91,0,0,0
2008-04-25,4.91,0,0,0
2008-04-26,4.91,0,0,0
2008-04-27,4.91,0,0,0
2008-04-28,4.91,0,0,990
2008-04-29,4.91,0,0,3960
2008-04-30,4.91,0,0,350
2008-05-01,4.89,-0.02,-0.41,8614
2008-05-02,4.89,0,0,0
2008-05-03,4.89,0,0,0
2008-05-04,4.89,0,0,0
2008-05-05,4.89,0,0,7010
2008-05-06,4.88,-0.01,-0.2,10883
2008-05-07,4.88,0,0,0
2008-05-08,4.88,0,0,2392
2008-05-09,4.88,0,0,2569
2008-05-10,4.88,0,0,0
2008-05-11,4.88,0,0,0
2008-05-12,4.88,0,0,0
2008-05-13,4.88,0,0,693
2008-05-14,4.88,0,0,0
2008-05-15,4.88,0,0,10500
2008-05-16,4.88,0,0,0
2008-05-17,4.88,0,0,0
2008-05-18,4.88,0,0,0
2008-05-19,4.88,0,0,10000
2008-05-20,4.88,0,0,0
2008-05-21,4.88,0,0,0
2008-05-22,4.88,0,0,0
2008-05-23,4.88,0,0,0
2008-05-24,4.88,0,0,0
2008-05-25,4.88,0,0,0
2008-05-26,4.88,0,0,0
2008-05-27,4.91,0.03,0.62,1500
2008-05-28,5.15,0.24,4.89,3500
2008-05-29,5.16,0.01,0.19,4000
2008-05-30,5.16,0,0,0
2008-05-31,5.16,0,0,0
2008-06-01,5.16,0,0,0
2008-06-02,5.16,0,0,0
2008-06-03,5.2,0.04,0.78,5100
2008-06-04,5.26,0.06,1.15,3400
2008-06-05,5.31,0.05,0.95,2280
2008-06-06,5.35,0.04,0.75,799
2008-06-07,5.35,0,0,0
2008-06-08,5.35,0,0,0
2008-06-09,5.36,0.01,0.19,1000
2008-06-10,5.37,0.01,0.19,380
2008-06-11,5.37,0,0,0
2008-06-12,5.37,0,0,0
2008-06-13,5.5,0.13,2.42,35230
2008-06-14,5.5,0,0,0
2008-06-15,5.5,0,0,0
2008-06-16,5.5,0,0,0
2008-06-17,5.56,0.06,1.09,100
2008-06-18,5.56,0,0,0
2008-06-19,5.56,0,0,0
2008-06-20,5.61,0.05,0.9,10000
2008-06-21,5.61,0,0,0
2008-06-22,5.61,0,0,0
2008-06-23,5.67,0.06,1.07,10000
2008-06-24,5.69,0.02,0.35,100
2008-06-25,5.69,0,0,0
2008-06-26,6.01,0.32,5.62,41938
2008-06-27,6.03,0.02,0.33,22770
2008-06-28,6.03,0,0,0
2008-06-29,6.03,0,0,0
2008-06-30,6.25,0.22,3.65,28986
2008-07-01,6.35,0.1,1.6,48367
2008-07-02,6.5,0.15,2.36,25556
2008-07-03,6.5,0,0,0
2008-07-04,6.5,0,0,0
2008-07-05,6.5,0,0,0
2008-07-06,6.5,0,0,0
2008-07-07,6.8,0.3,4.62,11000
2008-07-08,6.8,0,0,1086
2008-07-09,7,0.2,2.94,14729
2008-07-10,7,0,0,0
2008-07-11,7.56,0.56,8,84910
2008-07-12,7.56,0,0,0
2008-07-13,7.56,0,0,0
2008-07-14,7.56,0,0,0
2008-07-15,7.95,0.39,5.16,59393
2008-07-16,7.95,0,0,625
2008-07-17,7.99,0.04,0.5,130713
2008-07-18,7.95,-0.04,-0.5,12357
2008-07-19,7.95,0,0,0
2008-07-20,7.95,0,0,0
2008-07-21,7.95,0,0,0
2008-07-22,8,0.05,0.63,156734
2008-07-23,8,0,0,10000
2008-07-24,8,0,0,23048
2008-07-25,8,0,0,604305
2008-07-26,8,0,0,0
2008-07-27,8,0,0,0
2008-07-28,8,0,0,0
2008-07-29,7.99,-0.01,-0.13,2000
2008-07-30,7.89,-0.1,-1.25,4420
2008-07-31,7.9,0.01,0.13,27922
2008-08-01,7.9,0,0,0
2008-08-02,7.9,0,0,0
2008-08-03,7.9,0,0,0
2008-08-04,7.9,0,0,5639
2008-08-05,7.9,0,0,63598
2008-08-06,7.9,0,0,2700
2008-08-07,7.9,0,0,3052
2008-08-08,7.95,0.05,0.63,6557
2008-08-09,7.95,0,0,0
2008-08-10,7.95,0,0,0
2008-08-11,7.9,-0.05,-0.63,2000
2008-08-12,7.91,0.01,0.13,30125
2008-08-13,7.95,0.04,0.51,200000
2008-08-14,7.95,0,0,0
2008-08-15,7.95,0,0,0
2008-08-18,7.9,-0.05,-0.63,19300
2008-08-19,7.89,-0.01,-0.13,50063
2008-08-20,7.89,0,0,0
2008-08-21,7.89,0,0,0
2008-08-22,7.89,0,0,0
2008-08-25,7.89,0,0,5000
2008-08-26,7.75,-0.14,-1.77,2073
2008-08-27,7.75,0,0,3000
2008-08-28,7.75,0,0,128305
2008-08-29,7.6,-0.15,-1.94,38
2008-09-02,7.65,0.05,0.66,6495
2008-09-03,7.6,-0.05,-0.65,98467
2008-09-04,7.6,0,0,1893
2008-09-05,7.6,0,0,0
2008-09-08,7.6,0,0,1955
2008-09-09,7.6,0,0,0
2008-09-10,7.6,0,0,0
2008-09-11,7.5,-0.1,-1.32,630
2008-09-12,7.49,-0.01,-0.13,3563
2008-09-15,7.49,0,0,20
2008-09-16,7.49,0,0,0
2008-09-17,7.49,0,0,0
2008-09-18,7.49,0,0,0
2008-09-19,7.5,0.01,0.13,61024
2008-09-22,7.5,0,0,0
2008-09-23,7.5,0,0,0
2008-09-24,7.5,0,0,0
2008-09-25,7.5,0,0,0
2008-09-26,7.5,0,0,0
2008-09-29,7.49,-0.01,-0.13,2000
2008-09-30,7.49,0,0,0
2008-10-01,7.49,0,0,0
2008-10-02,7,-0.49,-6.54,100200
2008-10-03,7,0,0,0
2008-10-06,7,0,0,0
2008-10-07,7,0,0,0
2008-10-08,7,0,0,0
2008-10-09,7,0,0,0
2008-10-10,7,0,0,0
2008-10-13,7,0,0,0
2008-10-14,7,0,0,0
2008-10-15,7,0,0,0
2008-10-16,7,0,0,100
2008-10-17,7,0,0,0
2008-10-20,7,0,0,0
2008-10-21,7,0,0,0
2008-10-22,7,0,0,0
2008-10-23,6.3,-0.7,-10,8010
2008-10-24,6.3,0,0,0
2008-10-27,6,-0.3,-4.76,29185
2008-10-29,6.29,0.29,4.83,7000
2008-10-30,6.29,0,0,0
2008-10-31,6.29,0,0,0
2008-11-03,6.29,0,0,0
2008-11-04,6.1,-0.19,-3.02,126404
2008-11-05,6.5,0.4,6.56,17000
2008-11-06,7,0.5,7.69,5784
2008-11-07,7.1,0.1,1.43,86575
2008-11-10,7.1,0,0,0
2008-11-11,7.1,0,0,2000
2008-11-12,7.1,0,0,34107
2008-11-13,7.1,0,0,0
2008-11-14,7.1,0,0,474618
2008-11-17,7.1,0,0,0
2008-11-18,7.1,0,0,0
2008-11-19,7.1,0,0,20893
2008-11-20,7.1,0,0,0
2008-11-21,7.1,0,0,3800
2008-11-24,7.1,0,0,4000
2008-11-25,7.1,0,0,15540
2008-11-26,7.1,0,0,2000
2008-11-27,7.1,0,0,0
2008-11-28,7.1,0,0,0
2008-12-01,7.1,0,0,0
2008-12-02,7.1,0,0,0
2008-12-03,7.1,0,0,0
2008-12-04,7.1,0,0,0
2008-12-05,7.1,0,0,0
2008-12-08,7.1,0,0,0
2008-12-09,7,-0.1,-1.41,9100
2008-12-10,7,0,0,900
2008-12-11,7,0,0,0
2008-12-12,7,0,0,0
2008-12-15,7,0,0,0
2008-12-16,7,0,0,0
2008-12-17,7,0,0,0
2008-12-18,6.9,-0.1,-1.43,4200
2008-12-19,6.9,0,0,0
2008-12-22,6.9,0,0,0
2008-12-23,6.9,0,0,0
2008-12-24,6.9,0,0,0
2008-12-29,6.9,0,0,600
2008-12-30,6.9,0,0,0
2008-12-31,6.9,0,0,0
2009-01-02,6.9,0,0,0
2009-01-05,6.9,0,0,0
2009-01-06,6.9,0,0,0
2009-01-07,6.9,0,0,0
2009-01-08,6.9,0,0,0
2009-01-09,6.9,0,0,0
2009-01-12,6.9,0,0,0
2009-01-13,6.9,0,0,0
2009-01-14,6.9,0,0,0
2009-01-15,6.9,0,0,0
2009-01-16,6.9,0,0,420
2009-01-19,6.9,0,0,0
2009-01-20,6.9,0,0,0
2009-01-21,6.9,0,0,0
2009-01-22,6.9,0,0,0
2009-01-23,6.9,0,0,0
2009-01-26,6.9,0,0,0
2009-01-27,6.9,0,0,0
2009-01-28,6.9,0,0,0
2009-01-29,6.9,0,0,0
2009-01-30,6.9,0,0,0
2009-02-02,6.9,0,0,0
2009-02-03,6.9,0,0,0
2009-02-04,6.9,0,0,0
2009-02-05,6.9,0,0,0
2009-02-06,6.9,0,0,0
2009-02-09,6.9,0,0,0
2009-02-10,6.9,0,0,0
2009-02-11,6.9,0,0,0
2009-02-12,6.9,0,0,0
2009-02-13,6.9,0,0,0
2009-02-16,6.9,0,0,0
2009-02-17,6.9,0,0,0
2009-02-18,6.9,0,0,0
2009-02-19,6.9,0,0,0
2009-02-20,6.9,0,0,0
2009-02-25,6.9,0,0,0
2009-02-26,6.9,0,0,0
2009-02-27,6.9,0,0,0
2009-03-02,6.9,0,0,0
2009-03-03,6.9,0,0,0
2009-03-04,6.9,0,0,0
2009-03-05,6.9,0,0,0
2009-03-06,6.9,0,0,0
2009-03-09,6.9,0,0,0
2009-03-10,6.9,0,0,0
2009-03-11,6.9,0,0,0
2009-03-12,6.9,0,0,0
2009-03-13,6.9,0,0,0
2009-03-16,6.9,0,0,0
2009-03-17,6.9,0,0,0
2009-03-18,6.9,0,0,0
2009-03-19,6.9,0,0,0
2009-03-20,6.9,0,0,0
2009-03-23,6.9,0,0,0
2009-03-24,6.9,0,0,0
2009-03-25,6.9,0,0,0
2009-03-26,6.9,0,0,0
2009-03-27,6.9,0,0,0
2009-03-31,6.9,0,0,0
2009-04-01,6.9,0,0,0
2009-04-02,6.9,0,0,0
2009-04-03,6.9,0,0,0
2009-04-06,6.9,0,0,0
2009-04-07,6.9,0,0,0
2009-04-08,6.9,0,0,0
2009-04-09,6.9,0,0,0
2009-04-14,6.9,0,0,0
2009-04-15,6.9,0,0,0
2009-04-16,6.9,0,0,0
2009-04-20,6.9,0,0,0
2009-04-21,6.9,0,0,0
2009-04-22,6.9,0,0,0
2009-04-23,6.9,0,0,0
2009-04-24,6.9,0,0,0
2009-04-27,6.9,0,0,0
2009-04-28,6.9,0,0,0
2009-04-29,6.9,0,0,0
2009-04-30,6.9,0,0,0
2009-05-01,6.9,0,0,0
2009-05-04,6.9,0,0,0
2009-05-05,6.9,0,0,0
2009-05-06,6.9,0,0,0
2009-05-07,6.9,0,0,0
2009-05-08,6.9,0,0,0
2009-05-11,6.9,0,0,0
2009-05-12,6.9,0,0,0
2009-05-13,6.9,0,0,0
2009-05-14,6.9,0,0,200
2009-05-15,6.9,0,0,0
2009-05-18,6.9,0,0,0
2009-05-19,6.9,0,0,0
2009-05-20,6.9,0,0,0
2009-05-21,6.9,0,0,0
2009-05-22,6.9,0,0,0
2009-05-25,6.9,0,0,0
2009-05-26,6.9,0,0,0
2009-05-27,6.9,0,0,0
2009-05-28,6.9,0,0,0
2009-05-29,6.9,0,0,0
2009-06-01,6.9,0,0,0
2009-06-02,6.9,0,0,0
2009-06-03,6.9,0,0,0
2009-06-04,6.9,0,0,0
2009-06-05,6.9,0,0,0
2009-06-08,6.9,0,0,0
2009-06-09,6.9,0,0,0
2009-06-10,6.9,0,0,0
2009-06-12,6.9,0,0,0
2009-06-15,6.9,0,0,0
2009-06-16,6.9,0,0,0
2009-06-17,6.9,0,0,0
2009-06-18,6.9,0,0,0
2009-06-22,6.9,0,0,0
2009-06-23,6.9,0,0,0
2009-06-24,6.9,0,0,0
2009-06-25,6.9,0,0,0
2009-06-26,6.9,0,0,0
2009-06-29,6.9,0,0,0
2009-06-30,6.9,0,0,0
2009-07-01,6.9,0,0,0
2009-07-02,6.9,0,0,0
2009-07-03,6.9,0,0,0
2009-07-06,6.9,0,0,0
2009-07-07,6.9,0,0,0
2009-07-08,6.9,0,0,0
2009-07-09,6.9,0,0,0
2009-07-10,6.9,0,0,0
2009-07-13,6.9,0,0,0
2009-07-14,6.9,0,0,0
2009-07-15,6.9,0,0,0
2009-07-16,6.9,0,0,0
2009-07-17,6.9,0,0,0
2009-07-20,6.9,0,0,0
2009-07-21,6.9,0,0,0
2009-07-22,6.9,0,0,0
2009-07-23,6.9,0,0,0
2009-07-24,6.9,0,0,0
2009-07-27,6.9,0,0,0
2009-07-28,6.9,0,0,0
2009-07-29,6.9,0,0,0
2009-07-30,6.9,0,0,0
2009-07-31,6.9,0,0,0
2009-08-03,6.9,0,0,0
2009-08-04,6.9,0,0,0
2009-08-05,6.9,0,0,0
2009-08-06,6.9,0,0,0
2009-08-07,6.9,0,0,0
2009-08-10,6.9,0,0,0
2009-08-11,6.9,0,0,0
2009-08-12,6.9,0,0,0
2009-08-13,6.9,0,0,0
2009-08-14,6.9,0,0,0
2009-08-17,6.9,0,0,0
2009-08-18,6.9,0,0,0
2009-08-19,6.9,0,0,0
2009-08-20,6.9,0,0,0
2009-08-21,6.9,0,0,0
2009-08-24,6.9,0,0,0
2009-08-25,6.9,0,0,0
2009-08-26,6.9,0,0,0
2009-08-27,6.9,0,0,0
2009-08-28,6.9,0,0,0
2009-09-01,6.9,0,0,0
2009-09-02,6.9,0,0,0
2009-09-03,6.9,0,0,0
2009-09-04,6.9,0,0,0
2009-09-07,6.9,0,0,0
2009-09-08,6.9,0,0,0
2009-09-09,6.9,0,0,0
2009-09-10,6.9,0,0,0
2009-09-11,6.9,0,0,0
2009-09-14,6.9,0,0,0
2009-09-15,6.9,0,0,0
2009-09-16,6.9,0,0,0
2009-09-17,6.9,0,0,0
2009-09-18,6.9,0,0,0
2009-09-22,6.9,0,0,0
2009-09-23,6.9,0,0,0
2009-09-25,6.9,0,0,0
2009-09-28,6.9,0,0,0
2009-09-29,6.9,0,0,0
2009-09-30,6.9,0,0,0
2009-10-01,6.9,0,0,0
2009-10-02,6.9,0,0,0
2009-10-05,6.9,0,0,0
2009-10-06,6.9,0,0,0
2009-10-07,6.9,0,0,0
2009-10-08,6.9,0,0,0
2009-10-09,6.9,0,0,0
2009-10-12,6.9,0,0,0
2009-10-13,6.9,0,0,0
2009-10-14,6.9,0,0,0
2009-10-15,6.9,0,0,0
2009-10-16,6.9,0,0,0
2009-10-19,6.9,0,0,0
2009-10-20,6.9,0,0,0
2009-10-21,6.9,0,0,0
2009-10-22,6.9,0,0,0
2009-10-23,6.9,0,0,0
2009-10-26,6.9,0,0,0
2009-10-27,6.9,0,0,0
2009-10-28,6.9,0,0,0
2009-10-29,6.9,0,0,0
2009-10-30,6.9,0,0,0
2009-11-02,6.9,0,0,0
2009-11-03,6.9,0,0,0
2009-11-04,6.9,0,0,0
2009-11-05,6.9,0,0,0
2009-11-06,6.9,0,0,0
2009-11-09,6.9,0,0,0
2009-11-10,6.9,0,0,0
2009-11-11,6.9,0,0,0
2009-11-12,6.9,0,0,0
2009-11-13,6.9,0,0,0
2009-11-16,6.9,0,0,0
2009-11-17,6.9,0,0,0
2009-11-18,6.9,0,0,0
2009-11-19,6.9,0,0,0
2009-11-20,6.9,0,0,0
2009-11-23,6.9,0,0,0
2009-11-24,6.9,0,0,0
2009-11-25,6.9,0,0,0
2009-11-26,6.9,0,0,0
2009-11-27,6.9,0,0,0
2009-11-30,6.9,0,0,0
2009-12-01,6.9,0,0,0
2009-12-02,6.9,0,0,0
2009-12-03,6.9,0,0,0
2009-12-04,6.9,0,0,0
2009-12-07,6.9,0,0,0
2009-12-08,6.9,0,0,0
2009-12-09,6.9,0,0,0
2009-12-10,6.9,0,0,0
2009-12-11,6.9,0,0,0
2009-12-14,6.9,0,0,0
2009-12-15,6.9,0,0,0
2009-12-16,6.9,0,0,0
2009-12-17,6.9,0,0,0
2009-12-18,6.9,0,0,0
2009-12-21,6.9,0,0,0
2009-12-22,6.9,0,0,0
2009-12-23,6.9,0,0,0
2009-12-24,6.9,0,0,0
2009-12-28,6.9,0,0,0
2009-12-29,6.9,0,0,0
2009-12-30,6.9,0,0,0
2009-12-31,6.9,0,0,0
2010-01-04,6.9,0,0,0
2010-01-05,6.9,0,0,0
2010-01-06,6.9,0,0,0
2010-01-07,6.9,0,0,0
2010-01-08,6.9,0,0,0
2010-01-11,6.9,0,0,0
2010-01-12,6.9,0,0,0
2010-01-13,6.9,0,0,0
2010-01-14,6.9,0,0,0
2010-01-15,6.9,0,0,0
2010-01-18,6.9,0,0,0
2010-01-19,6.9,0,0,0
2010-01-20,6.9,0,0,0
2010-01-21,6.9,0,0,0
2010-01-22,6.9,0,0,0
2010-01-25,6.9,0,0,0
2010-01-26,6.9,0,0,0
2010-01-27,6.9,0,0,0
2010-01-28,6.9,0,0,0
2010-01-29,6.9,0,0,0
2010-02-01,6.9,0,0,0
2010-02-02,6.9,0,0,0
2010-02-03,6.9,0,0,0
2010-02-04,6.9,0,0,0
2010-02-05,6.9,0,0,0
2010-02-08,6.9,0,0,0
2010-02-09,6.9,0,0,0
2010-02-10,6.9,0,0,0
2010-02-11,6.9,0,0,0
2010-02-12,6.9,0,0,0
2010-02-17,6.9,0,0,0
2010-02-18,6.9,0,0,0
2010-02-19,6.9,0,0,0
2010-02-22,6.9,0,0,0
2010-02-23,6.9,0,0,0
2010-02-24,6.9,0,0,0
2010-02-25,6.9,0,0,0
2010-02-26,6.9,0,0,0
2010-03-01,6.9,0,0,0
2010-03-02,6.9,0,0,0
2010-03-03,6.9,0,0,0
2010-03-04,6.9,0,0,0
2010-03-05,6.9,0,0,0
2010-03-08,6.9,0,0,0
2010-03-09,6.9,0,0,0
2010-03-10,6.9,0,0,0
2010-03-11,6.9,0,0,0
2010-03-12,6.9,0,0,0
2010-03-15,6.9,0,0,0
2010-03-16,6.9,0,0,0
2010-03-17,6.9,0,0,0
2010-03-18,6.9,0,0,0
2010-03-19,6.9,0,0,0
2010-03-22,6.9,0,0,0
2010-03-23,6.9,0,0,0
2010-03-24,6.9,0,0,0
2010-03-25,6.9,0,0,0
2010-03-26,6.9,0,0,0
2010-03-29,6.9,0,0,0
2010-03-31,6.9,0,0,0
2010-04-01,6.9,0,0,0
2010-04-06,6.9,0,0,0
2010-04-07,6.9,0,0,0
2010-04-08,6.9,0,0,0
2010-04-09,6.9,0,0,0
2010-04-12,6.9,0,0,0
2010-04-13,6.9,0,0,0
2010-04-14,6.9,0,0,0
2010-04-15,6.9,0,0,0
2010-04-16,6.9,0,0,0
2010-04-19,6.9,0,0,0
2010-04-20,6.9,0,0,0
2010-04-21,6.9,0,0,0
2010-04-22,6.9,0,0,0
2010-04-23,6.9,0,0,0
2010-04-26,6.9,0,0,0
2010-04-27,6.9,0,0,0
2010-04-28,6.9,0,0,0
2010-04-29,6.9,0,0,0
2010-04-30,6.9,0,0,0
2010-05-03,6.9,0,0,0
2010-05-04,6.9,0,0,0
2010-05-05,6.9,0,0,0
2010-05-06,6.9,0,0,0
2010-05-07,6.9,0,0,0
2010-05-10,6.9,0,0,0
2010-05-11,6.9,0,0,0
2010-05-12,6.9,0,0,0
2010-05-13,6.9,0,0,0
2010-05-14,6.9,0,0,0
2010-05-17,6.9,0,0,0
2010-05-18,6.9,0,0,0
2010-05-19,6.9,0,0,0
2010-05-20,6.9,0,0,0
2010-05-21,6.9,0,0,0
2010-05-24,6.9,0,0,0
2010-05-25,6.9,0,0,0
2010-05-26,6.9,0,0,0
2010-05-27,6.9,0,0,0
2010-05-28,6.9,0,0,0
2010-06-01,6.9,0,0,0
2010-06-02,6.9,0,0,0
2010-06-04,6.9,0,0,0
2010-06-07,6.9,0,0,0
2010-06-08,6.9,0,0,0
2010-06-09,6.9,0,0,0
2010-06-10,6.9,0,0,0
2010-06-11,6.9,0,0,0
2010-06-14,6.9,0,0,0
2010-06-15,6.9,0,0,0
2010-06-16,6.9,0,0,0
2010-06-17,6.9,0,0,0
2010-06-18,6.9,0,0,0
2010-06-21,6.9,0,0,0
2010-06-22,6.9,0,0,0
2010-06-23,6.9,0,0,0
2010-06-24,6.9,0,0,0
2010-06-25,6.9,0,0,0
2010-06-28,6.9,0,0,0
2010-06-29,6.9,0,0,0
2010-06-30,6.9,0,0,0
2010-07-01,6.9,0,0,0
2010-07-02,6.9,0,0,0
2010-07-05,6.9,0,0,0
2010-07-06,6.9,0,0,0
2010-07-07,6.9,0,0,0
2010-07-08,6.9,0,0,0
2010-07-09,6.9,0,0,0
2010-07-12,6.9,0,0,0
2010-07-13,6.9,0,0,0
2010-07-14,6.9,0,0,0
2010-07-15,6.9,0,0,0
2010-07-16,6.9,0,0,0
2010-07-19,6.9,0,0,0
2010-07-20,6.9,0,0,0
2010-07-21,6.9,0,0,0
2010-07-22,6.9,0,0,0
2010-07-23,6.9,0,0,0
2010-07-26,6.9,0,0,0
2010-07-27,6.9,0,0,0
2010-07-28,6.9,0,0,0
2010-07-29,6.9,0,0,0
2010-07-30,6.9,0,0,0
2010-08-03,6.9,0,0,0
2010-08-04,6.9,0,0,0
2010-08-05,6.9,0,0,0
2010-08-06,6.9,0,0,0
2010-08-09,6.9,0,0,0
2010-08-10,6.9,0,0,0
2010-08-11,6.9,0,0,0
2010-08-12,6.9,0,0,0
2010-08-13,6.9,0,0,0
2010-08-16,6.9,0,0,0
2010-08-17,6.9,0,0,0
2010-08-18,6.9,0,0,0
2010-08-19,6.9,0,0,0
2010-08-20,6.9,0,0,0
2010-08-23,6.9,0,0,0
2010-08-24,6.9,0,0,0
2010-08-25,6.9,0,0,0
2010-08-26,6.9,0,0,0
2010-08-27,6.9,0,0,0
2010-08-30,6.9,0,0,0
2010-09-01,6.9,0,0,0
2010-09-02,6.9,0,0,0
2010-09-03,6.9,0,0,0
2010-09-06,6.9,0,0,0
2010-09-07,6.9,0,0,0
2010-09-08,6.9,0,0,0
2010-09-09,6.9,0,0,0
2010-09-13,6.9,0,0,0
2010-09-14,6.9,0,0,0
2010-09-15,6.9,0,0,0
2010-09-16,6.9,0,0,0
2010-09-17,6.9,0,0,0
2010-09-20,6.9,0,0,0
2010-09-21,6.9,0,0,0
2010-09-22,6.9,0,0,0
2010-09-23,6.9,0,0,0
2010-09-27,6.9,0,0,0
2010-09-28,6.9,0,0,0
2010-09-29,6.9,0,0,0
2010-09-30,6.9,0,0,0
2010-10-01,6.9,0,0,0
2010-10-04,6.9,0,0,0
2010-10-05,6.9,0,0,0
2010-10-06,6.9,0,0,0
2010-10-07,6.9,0,0,0
2010-10-08,6.9,0,0,0
2010-10-11,6.9,0,0,0
2010-10-12,6.9,0,0,0
2010-10-13,6.9,0,0,0
2010-10-14,6.9,0,0,0
2010-10-15,6.9,0,0,0
2010-10-18,6.9,0,0,0
2010-10-19,6.9,0,0,0
2010-10-20,6.9,0,0,0
2010-10-21,6.9,0,0,0
2010-10-22,6.9,0,0,0
2010-10-25,6.9,0,0,0
2010-10-26,6.9,0,0,0
2010-10-27,6.9,0,0,0
2010-10-28,6.9,0,0,0
2010-10-29,6.9,0,0,0
2010-11-01,6.9,0,0,0
2010-11-02,6.9,0,0,0
2010-11-03,6.9,0,0,0
2010-11-04,6.9,0,0,0
2010-11-08,6.9,0,0,0
2010-11-09,6.9,0,0,0
2010-11-10,6.9,0,0,0
2010-11-11,6.9,0,0,0
2010-11-12,6.9,0,0,0
2010-11-15,6.9,0,0,0
2010-11-16,6.9,0,0,0
2010-11-17,6.9,0,0,0
2010-11-18,6.9,0,0,0
2010-11-19,6.9,0,0,0
2010-11-22,6.9,0,0,0
2010-11-23,6.9,0,0,0
2010-11-24,6.9,0,0,0
2010-11-25,6.9,0,0,0
2010-11-26,6.9,0,0,0
2010-11-29,6.9,0,0,0
2010-11-30,6.9,0,0,0
2010-12-01,6.9,0,0,0
2010-12-02,6.9,0,0,0
2010-12-03,6.9,0,0,0
2010-12-06,6.9,0,0,0
2010-12-07,6.9,0,0,0
2010-12-08,6.9,0,0,0
2010-12-09,6.9,0,0,0
2010-12-10,6.9,0,0,0
2010-12-13,6.9,0,0,0
2010-12-14,6.9,0,0,0
2010-12-15,6.9,0,0,0
2010-12-16,6.9,0,0,0
2010-12-17,6.9,0,0,0
2010-12-20,6.9,0,0,0
2010-12-21,6.9,0,0,0
2010-12-22,6.9,0,0,0
2010-12-23,6.9,0,0,0
2010-12-24,6.9,0,0,0
2010-12-28,6.9,0,0,0
2010-12-29,6.9,0,0,0
2010-12-30,6.9,0,0,0
2010-12-31,6.9,0,0,0
2011-01-03,6.9,0,0,0
2011-01-04,6.9,0,0,0
2011-01-05,6.9,0,0,0
2011-01-06,6.9,0,0,0
2011-01-07,6.9,0,0,0
2011-01-10,6.9,0,0,0
2011-01-11,6.9,0,0,0
2011-01-12,6.9,0,0,0
2011-01-13,6.9,0,0,0
2011-01-14,6.9,0,0,0
2011-01-17,6.9,0,0,0
2011-01-18,6.9,0,0,0
2011-01-19,6.9,0,0,0
2011-01-20,6.9,0,0,0
2011-01-21,6.9,0,0,0
2011-01-24,6.9,0,0,0
2011-01-25,6.9,0,0,0
2011-01-26,6.9,0,0,0
2011-01-27,6.9,0,0,0
2011-01-28,6.9,0,0,0
2011-01-31,6.9,0,0,0
2011-02-01,6.9,0,0,0
2011-02-02,6.9,0,0,0
2011-02-03,6.9,0,0,0
2011-02-04,6.9,0,0,0
2011-02-07,6.9,0,0,0
2011-02-08,6.9,0,0,0
2011-02-09,6.9,0,0,0
2011-02-10,6.9,0,0,0
2011-02-11,6.9,0,0,0
2011-02-14,6.21,-0.69,-10,114650
2011-02-15,6.21,0,0,97855
2011-02-16,6,-0.21,-3.38,75577
2011-02-17,6,0,0,13100
2011-02-18,5.8,-0.2,-3.33,15005
2011-02-21,5.8,0,0,2000
2011-02-22,5.8,0,0,0
2011-02-23,5.8,0,0,0
2011-02-24,5.8,0,0,0
2011-02-25,5,-0.8,-13.79,5000
2011-02-28,5,0,0,543
2011-03-01,5,0,0,2000
2011-03-02,5,0,0,0
2011-03-03,5,0,0,5000
2011-03-04,5,0,0,3000
2011-03-09,5,0,0,23774
2011-03-10,5,0,0,1135
2011-03-11,5,0,0,14191
2011-03-14,5,0,0,9882
2011-03-15,5,0,0,3013
2011-03-16,5,0,0,150
2011-03-17,5,0,0,0
2011-03-18,5,0,0,15000
2011-03-21,5,0,0,79956
2011-03-22,5,0,0,469966
2011-03-23,5,0,0,600
2011-03-24,5,0,0,0
2011-03-25,5,0,0,0
2011-03-28,5,0,0,20000
2011-03-29,5,0,0,79550
2011-03-31,5,0,0,2480
2011-04-01,5.01,0.01,0.2,5000
2011-04-04,5.01,0,0,678026
2011-04-05,5.01,0,0,0
2011-04-06,5.01,0,0,1782
2011-04-07,5.01,0,0,0
2011-04-08,5.01,0,0,0
2011-04-11,5.01,0,0,8000
2011-04-12,5.01,0,0,2000
2011-04-13,5.75,0.74,14.77,3233
2011-04-14,5.75,0,0,0
2011-04-15,6.61,0.86,14.96,6188
2011-04-18,6.61,0,0,35268
2011-04-19,6.61,0,0,30428
2011-04-20,6.61,0,0,36634
2011-04-21,6.61,0,0,0
2011-04-26,6.61,0,0,0
2011-04-27,6.55,-0.06,-0.91,770304
2011-04-28,6.55,0,0,0
2011-04-29,6.55,0,0,0
2011-05-02,6.55,0,0,0
2011-05-03,6.66,0.11,1.68,10000
2011-05-04,6.66,0,0,0
2011-05-05,7.25,0.59,8.86,65300
2011-05-06,7.27,0.02,0.28,10304
2011-05-09,8,0.73,10.04,5170
2011-05-10,9,1,12.5,16000
2011-05-11,10,1,11.11,22000
2011-05-12,10,0,0,72154
2011-05-13,10,0,0,54955
2011-05-16,10,0,0,0
2011-05-17,10,0,0,160
2011-05-18,9.75,-0.25,-2.5,7520
2011-05-19,9.75,0,0,15403
2011-05-20,9.75,0,0,88674
2011-05-23,9.75,0,0,16834
2011-05-24,9.75,0,0,500
2011-05-25,9.75,0,0,615
2011-05-26,9.5,-0.25,-2.56,100284
2011-05-27,9.5,0,0,1815
2011-05-31,9.5,0,0,216843
2011-06-01,9.5,0,0,544
2011-06-02,9.5,0,0,1000
2011-06-03,9.5,0,0,0
2011-06-06,9.44,-0.06,-0.63,3990
2011-06-07,9.44,0,0,0
2011-06-08,9.25,-0.19,-2.01,8288
2011-06-09,9.25,0,0,100
2011-06-10,9.25,0,0,0
2011-06-13,9.25,0,0,11216
2011-06-14,9.25,0,0,0
2011-06-15,9.25,0,0,0
2011-06-16,9.25,0,0,0
2011-06-17,9,-0.25,-2.7,64659
2011-06-21,9,0,0,80
2011-06-22,9,0,0,0
2011-06-24,9,0,0,0
2011-06-27,9,0,0,0
2011-06-28,8.98,-0.02,-0.22,4500
2011-06-29,8.99,0.01,0.11,49420
2011-06-30,9,0.01,0.11,46558
2011-07-01,9,0,0,0
2011-07-04,9,0,0,0
2011-07-05,8.99,-0.01,-0.11,150
2011-07-06,8.99,0,0,0
2011-07-07,8.99,0,0,0
2011-07-08,8.99,0,0,0
2011-07-11,8.99,0,0,0
2011-07-12,8.99,0,0,0
2011-07-13,8.99,0,0,0
2011-07-14,9,0.01,0.11,13800
2011-07-15,8.99,-0.01,-0.11,16553
2011-07-18,8.99,0,0,6
2011-07-19,8.95,-0.04,-0.45,4055
2011-07-20,8.95,0,0,0
2011-07-21,8.95,0,0,1000
2011-07-22,8.94,-0.01,-0.11,1000
2011-07-25,8.94,0,0,0
2011-07-26,8.94,0,0,0
2011-07-27,8.95,0.01,0.11,4000
2011-07-28,8.94,-0.01,-0.11,4000
2011-07-29,9,0.06,0.67,206000
2011-08-02,9,0,0,0
2011-08-03,9,0,0,0
2011-08-04,9,0,0,0
2011-08-05,9,0,0,0
2011-08-08,9,0,0,2546
2011-08-09,9,0,0,0
2011-08-10,9,0,0,0
2011-08-11,9,0,0,0
2011-08-12,9,0,0,0
2011-08-15,9,0,0,0
2011-08-16,9,0,0,0
2011-08-17,9,0,0,0
2011-08-18,9,0,0,0
2011-08-19,9,0,0,0
2011-08-22,9,0,0,0
2011-08-23,9,0,0,0
2011-08-24,9,0,0,50
2011-08-25,8.99,-0.01,0,726
2011-08-26,8.99,0,0,0
2011-08-29,8.99,0,0,337
2011-08-30,8.99,0,0,163
2011-09-02,8.5,-0.49,-5.45,5795628
2011-09-05,8.5,0,0,0
2011-09-06,8.5,0,0,0
2011-09-07,8.5,0,0,0
2011-09-08,8.5,0,0,0
2011-09-09,8.5,0,0,0
2011-09-12,8.5,0,0,0
2011-09-13,8.5,0,0,0
2011-09-14,8.5,0,0,0
2011-09-15,8.79,0.29,3.41,310000
2011-09-16,8.74,-0.05,-0.57,5200
2011-09-19,8.74,0,0,0
2011-09-20,8.74,0,0,7423
2011-09-21,8.74,0,0,0
2011-09-22,8.74,0,0,0
2011-09-23,8.73,-0.01,-0.11,1669
2011-09-26,8.73,0,0,0
2011-09-27,8.73,0,0,0
2011-09-28,8.74,0.01,0.12,21
2011-09-29,8.74,0,0,0
2011-09-30,8.74,0,0,0
2011-10-03,8.74,0,0,0
2011-10-04,8.5,-0.24,-2.75,2066
2011-10-05,8.5,0,0,0
2011-10-06,8.5,0,0,0
2011-10-07,8.25,-0.25,-2.94,5000
2011-10-10,8.25,0,0,0
2011-10-11,8.25,0,0,0
2011-10-12,8.25,0,0,0
2011-10-13,8,-0.25,-3.03,5000
2011-10-14,8,0,0,0
2011-10-17,7.99,-0.01,-0.13,140
2011-10-18,7.99,0,0,230
2011-10-19,7.99,0,0,0
2011-10-20,7.99,0,0,0
2011-10-21,7.99,0,0,29
2011-10-24,7.98,-0.01,-0.13,3500
2011-10-25,7.98,0,0,0
2011-10-27,7.98,0,0,0
2011-10-28,7.98,0,0,0
2011-10-31,7.98,0,0,0
2011-11-01,7.98,0,0,0
2011-11-02,7.98,0,0,0
2011-11-03,7.98,0,0,0
2011-11-04,7.98,0,0,0
2011-11-07,7.98,0,0,0
2011-11-08,7.98,0,0,0
2011-11-09,7.98,0,0,0
2011-11-10,7.95,-0.03,-0.38,15200
2011-11-11,7.9,-0.05,-0.63,2000
2011-11-14,7.9,0,0,0
2011-11-15,7.9,0,0,0
2011-11-16,7.9,0,0,0
2011-11-17,7.9,0,0,0
2011-11-18,7.9,0,0,0
2011-11-21,7.9,0,0,0
2011-11-22,7.9,0,0,0
2011-11-23,7.9,0,0,0
2011-11-24,7.9,0,0,0
2011-11-25,7.9,0,0,11
2011-11-28,7.9,0,0,0
2011-11-29,7.9,0,0,0
2011-11-30,7.85,-0.05,-0.63,1076
2011-12-01,7.85,0,0,0
2011-12-02,7.84,-0.01,-0.13,1500
2011-12-05,7.84,0,0,0
2011-12-06,7.84,0,0,0
2011-12-07,7.84,0,0,0
2011-12-08,7.84,0,0,0
2011-12-09,7.84,0,0,0
2011-12-12,7.75,-0.09,-1.15,1000
2011-12-13,7.75,0,0,0
2011-12-14,7.75,0,0,0
2011-12-15,7.75,0,0,0
2011-12-16,7.75,0,0,0
2011-12-19,7.75,0,0,0
2011-12-20,7.75,0,0,0
2011-12-21,7.75,0,0,0
2011-12-22,7.75,0,0,0
2011-12-23,7.75,0,0,0
2011-12-28,7.75,0,0,0
2011-12-29,7.75,0,0,0
2011-12-30,7.75,0,0,0
2012-01-03,7.7,-0.05,0,7000
2012-01-04,7.7,0,0,0
2012-01-05,7.7,0,0,0
2012-01-06,7.7,0,0,0
2012-01-09,7.7,0,0,0
2012-01-10,7.7,0,0,10100
2012-01-11,7.7,0,0,0
2012-01-12,7.7,0,0,0
2012-01-13,7.7,0,0,0
2012-01-16,7.7,0,0,3000
2012-01-17,7.7,0,0,0
2012-01-18,7.7,0,0,850
2012-01-19,7.7,0,0,0
2012-01-20,7.7,0,0,280
2012-01-23,7.69,-0.01,-0.13,18845
2012-01-24,7.7,0.01,0.13,1947
2012-01-25,7.7,0,0,0
2012-01-26,7.7,0,0,0
2012-01-27,7.7,0,0,0
2012-01-30,7.7,0,0,0
2012-01-31,7.7,0,0,0
2012-02-01,7.75,0.05,0.65,1289
2012-02-02,7.75,0,0,0
2012-02-03,7.75,0,0,0
2012-02-06,7.95,0.2,2.58,19908
2012-02-07,7.95,0,0,500
2012-02-08,7.95,0,0,72
2012-02-09,7.95,0,0,5468
2012-02-10,7.95,0,0,20000
2012-02-13,7.95,0,0,0
2012-02-14,7.95,0,0,0
2012-02-15,7.99,0.04,0.5,10000
2012-02-16,7.99,0,0,0
2012-02-17,8.04,0.05,0.63,30
2012-02-22,8.04,0,0,0
2012-02-23,8.04,0,0,0
2012-02-24,8.04,0,0,0
2012-02-27,8.04,0,0,0
2012-02-28,8.5,0.46,5.72,5000
2012-02-29,9,0.5,5.88,26183
2012-03-01,9,0,0,15000
2012-03-02,9,0,0,41267
2012-03-05,9,0,0,0
2012-03-06,9,0,0,0
2012-03-07,9,0,0,18083
2012-03-08,9,0,0,0
2012-03-09,9,0,0,761
2012-03-12,9,0,0,0
2012-03-13,9,0,0,0
2012-03-14,9,0,0,0
2012-03-15,9,0,0,0
2012-03-16,9,0,0,0
2012-03-19,9,0,0,0
2012-03-20,9,0,0,0
2012-03-21,9,0,0,0
2012-03-22,8.99,-0.01,-0.11,7030
2012-03-23,8.99,0,0,0
2012-03-26,8.99,0,0,0
2012-03-27,9,0.01,0.11,59216
2012-03-28,9,0,0,55000
2012-03-29,9,0,0,3683
2012-04-02,9,0,0,0
2012-04-03,9,0,0,0
2012-04-04,9,0,0,0
2012-04-05,9,0,0,0
2012-04-10,9,0,0,0
2012-04-11,8.5,-0.5,-5.56,1000
2012-04-12,8.5,0,0,0
2012-04-13,8.5,0,0,0
2012-04-16,8.5,0,0,0
2012-04-17,8.5,0,0,0
2012-04-18,8.5,0,0,601
2012-04-19,8.5,0,0,3000
2012-04-20,8.5,0,0,4796
2012-04-23,8.5,0,0,0
2012-04-24,8.5,0,0,0
2012-04-25,8.5,0,0,12000
2012-04-26,8.2,-0.3,-3.53,10012
2012-04-27,8.5,0.3,3.66,5581
2012-04-30,8.5,0,0,6027
2012-05-01,8.49,-0.01,-0.12,527
2012-05-02,8.49,0,0,0
2012-05-03,8.49,0,0,0
2012-05-04,8.49,0,0,210
2012-05-07,8.49,0,0,2900
2012-05-08,8.49,0,0,0
2012-05-09,8.49,0,0,0
2012-05-10,8.48,-0.01,-0.12,3954
2012-05-11,8.5,0.02,0.24,16507
2012-05-14,8.5,0,0,0
2012-05-15,8.5,0,0,1260
2012-05-16,8.5,0,0,0
2012-05-17,8.5,0,0,0
2012-05-18,8.5,0,0,3888
2012-05-21,8.5,0,0,0
2012-05-22,8.5,0,0,112
2012-05-23,8.5,0,0,0
2012-05-24,8.5,0,0,50
2012-05-25,8.5,0,0,0
2012-05-28,8.5,0,0,0
2012-05-29,8.5,0,0,0
2012-05-31,8.5,0,0,0
2012-06-01,8.5,0,0,0
2012-06-04,8.5,0,0,0
2012-06-05,8.51,0.01,0.12,3000
2012-06-06,8.51,0,0,0
2012-06-08,8.51,0,0,0
2012-06-11,8.5,-0.01,-0.12,5605
2012-06-12,8.5,0,0,0
2012-06-13,8.5,0,0,0
2012-06-14,8.5,0,0,0
2012-06-15,8.5,0,0,0
2012-06-18,8.5,0,0,0
2012-06-20,8.5,0,0,0
2012-06-21,8.5,0,0,0
2012-06-22,8.5,0,0,0
2012-06-25,8.5,0,0,0
2012-06-26,8.5,0,0,0
2012-06-27,8.5,0,0,0
2012-06-28,8.39,-0.11,-1.29,1460
2012-06-29,8.39,0,0,0
2012-07-02,8.39,0,0,0
2012-07-03,8.39,0,0,200
2012-07-04,8.39,0,0,0
2012-07-05,8.39,0,0,0
2012-07-06,8.39,0,0,0
2012-07-09,8.39,0,0,0
2012-07-10,8.39,0,0,0
2012-07-11,8.39,0,0,0
2012-07-12,8.39,0,0,0
2012-07-13,8.39,0,0,0
2012-07-16,8.39,0,0,0
2012-07-17,8.39,0,0,0
2012-07-18,8.39,0,0,0
2012-07-19,8.39,0,0,0
2012-07-20,8.39,0,0,0
2012-07-23,8.39,0,0,0
2012-07-24,8.39,0,0,0
2012-07-25,8.39,0,0,0
2012-07-26,8.39,0,0,0
2012-07-27,8.39,0,0,0
2012-07-30,8.39,0,0,0
2012-07-31,8.39,0,0,0
2012-08-02,8.28,-0.11,-1.31,891
2012-08-03,8.28,0,0,0
2012-08-06,8.28,0,0,3000
2012-08-07,8.15,-0.13,-1.57,12595
2012-08-08,8.15,0,0,0
2012-08-09,8.28,0.13,1.6,22346
2012-08-10,8.28,0,0,0
2012-08-14,8.29,0.01,0.12,29500
2012-08-15,8.29,0,0,0
2012-08-16,8.48,0.19,2.29,3500
2012-08-17,8.5,0.02,0.24,26072
2012-08-21,8.5,0,0,500
2012-08-22,8.5,0,0,0
2012-08-23,8.5,0,0,0
2012-08-24,8.5,0,0,0
2012-08-27,8.4,-0.1,-1.18,241
2012-08-28,8.3,-0.1,-1.19,5000
2012-08-29,8.28,-0.02,-0.24,52840
2012-08-30,8.28,0,0,0
2012-09-03,8.28,0,0,0
2012-09-04,8.67,0.39,4.71,123345
2012-09-05,8.89,0.22,2.54,62601
2012-09-06,9,0.11,1.24,113169
2012-09-07,9,0,0,0
2012-09-10,9,0,0,0
2012-09-11,9.1,0.1,1.11,21035
2012-09-12,9,-0.1,-1.1,151000
2012-09-13,9.05,0.05,0.56,8000
2012-09-14,9.05,0,0,0
2012-09-17,9,-0.05,-0.55,30465
2012-09-18,9.05,0.05,0.56,665
2012-09-19,9.05,0,0,76
2012-09-20,9.05,0,0,0
2012-09-21,9,-0.05,-0.55,4950
2012-09-24,9,0,0,0
2012-09-25,9,0,0,0
2012-09-26,9,0,0,71811
2012-09-27,9,0,0,0
2012-09-28,9,0,0,0
2012-10-01,9,0,0,0
2012-10-02,9,0,0,2483
2012-10-03,9,0,0,0
2012-10-04,9,0,0,0
2012-10-05,9,0,0,0
2012-10-08,9,0,0,0
2012-10-09,9,0,0,0
2012-10-10,9,0,0,10110
2012-10-11,9,0,0,0
2012-10-12,9,0,0,0
2012-10-15,9,0,0,8662
2012-10-16,9,0,0,1338
2012-10-17,9,0,0,7562
2012-10-18,9.01,0.01,0.11,16000
2012-10-19,9.01,0,0,0
2012-10-22,9.01,0,0,938
2012-10-23,9.01,0,0,0
2012-10-24,9.01,0,0,0
2012-10-25,9.01,0,0,20
2012-10-26,9.01,0,0,0
2012-10-29,9.01,0,0,0
2012-10-30,9,-0.01,-0.11,550
2012-10-31,9,0,0,0
2012-11-01,9,0,0,0
2012-11-02,9,0,0,0
2012-11-05,9,0,0,0
2012-11-06,9,0,0,37422
2012-11-07,9,0,0,0
2012-11-08,9,0,0,0
2012-11-09,9,0,0,150
2012-11-12,9,0,0,0
2012-11-14,9,0,0,10000
2012-11-15,9,0,0,0
2012-11-16,9,0,0,9907
2012-11-19,9,0,0,0
2012-11-20,9.01,0.01,0.11,5000
2012-11-21,9.01,0,0,0
2012-11-22,9.01,0,0,0
2012-11-23,9.01,0,0,5967
2012-11-26,9.01,0,0,4033
2012-11-27,9.01,0,0,0
2012-11-28,9.01,0,0,6570
2012-11-29,9.01,0,0,0
2012-11-30,9.01,0,0,0
2012-12-03,9.01,0,0,0
2012-12-04,9.01,0,0,0
2012-12-05,9.01,0,0,0
2012-12-06,9.01,0,0,0
2012-12-07,9.01,0,0,0
2012-12-10,9.01,0,0,0
2012-12-11,9.01,0,0,1430
2012-12-12,9.01,0,0,0
2012-12-13,9.01,0,0,0
2012-12-14,9.04,0.03,0.33,200
2012-12-17,9.04,0,0,0
2012-12-18,9.04,0,0,0
2012-12-19,9.04,0,0,106126
2012-12-20,9.04,0,0,21496
2012-12-21,9.01,-0.03,-0.33,3570
2012-12-24,9.01,0,0,0
2012-12-27,8.99,-0.02,-0.22,7000
2012-12-28,8.99,0,0,0
2012-12-31,8.99,0,0,0
2013-01-02,8.99,0,0,0
2013-01-03,8.99,0,0,0
2013-01-04,8.99,0,0,0
2013-01-07,8.99,0,0,0
2013-01-08,8.99,0,0,0
2013-01-09,8.99,0,0,0
2013-01-10,8.99,0,0,0
2013-01-11,8.99,0,0,100
2013-01-14,8.99,0,0,0
2013-01-15,8.99,0,0,0
2013-01-16,8.99,0,0,1000
2013-01-17,8.99,0,0,300
2013-01-18,8.99,0,0,0
2013-01-21,8.99,0,0,0
2013-01-22,8.99,0,0,0
2013-01-23,8.74,-0.25,-2.78,6160
2013-01-24,8.99,0.25,2.86,1850
2013-01-25,8.99,0,0,0
2013-01-28,8.99,0,0,3401
2013-01-29,8.99,0,0,0
2013-01-30,8.99,0,0,1599
2013-01-31,8.99,0,0,0
2013-02-01,8.99,0,0,0
2013-02-04,8.98,-0.01,-0.11,20000
2013-02-05,8.99,0.01,0.11,6000
2013-02-06,8.99,0,0,641
2013-02-07,8.99,0,0,2678
2013-02-08,8.5,-0.49,-5.45,20000
2013-02-13,8.22,-0.28,-3.29,1000
2013-02-14,8.22,0,0,0
2013-02-15,8.1,-0.12,-1.46,8865
2013-02-18,8.1,0,0,0
2013-02-19,8.1,0,0,0
2013-02-20,8.1,0,0,0
2013-02-21,8.1,0,0,0
2013-02-22,8.1,0,0,0
2013-02-25,8.1,0,0,0
2013-02-26,7.8,-0.3,-3.7,45499
2013-02-27,7.8,0,0,0
2013-02-28,7.8,0,0,0
2013-03-01,7.8,0,0,69130
2013-03-04,7.8,0,0,0
2013-03-05,7.8,0,0,0
2013-03-06,7.8,0,0,340
2013-03-07,7.8,0,0,0
2013-03-08,7.8,0,0,0
2013-03-11,7.8,0,0,0
2013-03-12,7.8,0,0,20000
2013-03-13,7.8,0,0,0
2013-03-14,7.8,0,0,0
2013-03-15,7.8,0,0,0
2013-03-18,7.8,0,0,0
2013-03-19,7.8,0,0,0
2013-03-20,7.8,0,0,40000
2013-03-21,7.8,0,0,25000
2013-03-22,7.8,0,0,17000
2013-03-25,7.8,0,0,0
2013-03-26,7.8,0,0,0
2013-03-27,7.8,0,0,0
2013-03-28,8,0.2,2.56,100
2013-04-02,8,0,0,21850
2013-04-03,8,0,0,0
2013-04-04,8,0,0,0
2013-04-05,8,0,0,0
2013-04-08,8,0,0,0
2013-04-09,8,0,0,0
2013-04-10,8,0,0,0
2013-04-11,7.9,-0.1,-1.25,20
2013-04-12,7.91,0.01,0.13,3329
2013-04-15,7.9,-0.01,-0.13,26000
2013-04-16,7.94,0.04,0.51,106136
2013-04-17,8.2,0.26,3.28,75000
2013-04-18,8.22,0.02,0.24,17885
2013-04-19,8.5,0.28,3.41,200
2013-04-22,8.5,0,0,0
2013-04-23,8.5,0,0,7800
2013-04-24,8.5,0,0,0
2013-04-25,8.5,0,0,0
2013-04-26,9,0.5,5.88,20468
2013-04-29,9,0,0,0
2013-04-30,9.5,0.5,5.56,26000
2013-05-01,9.11,-0.39,-4.11,233615
2013-05-02,9.5,0.39,4.28,1105
2013-05-03,9.5,0,0,0
2013-05-06,9,-0.5,-5.26,430897
2013-05-07,9,0,0,125055
2013-05-08,9,0,0,3000
2013-05-09,9,0,0,1065
2013-05-10,9,0,0,44800
2013-05-13,9,0,0,104400
2013-05-14,9,0,0,55125
2013-05-15,9,0,0,3600
2013-05-16,9,0,0,109500
2013-05-17,9,0,0,157212
2013-05-20,9,0,0,0
2013-05-21,9,0,0,23100
2013-05-22,9,0,0,207100
2013-05-23,9,0,0,15900
2013-05-24,9,0,0,0
2013-05-27,9,0,0,2100
2013-05-28,9,0,0,4995
2013-05-29,9,0,0,9000
2013-06-03,9,0,0,46840
2013-06-04,8.75,-0.25,-2.78,1139
2013-06-05,8.75,0,0,0
2013-06-06,8.99,0.24,2.74,3100
2013-06-07,8.97,-0.02,-0.22,6590
2013-06-10,8.96,-0.01,-0.11,50
2013-06-11,8.98,0.02,0.22,24381
2013-06-12,9,0.02,0.22,1060
2013-06-13,9,0,0,78009
2013-06-14,9,0,0,0
2013-06-17,9,0,0,0
2013-06-18,9,0,0,0
2013-06-20,9,0,0,2732
2013-06-21,9,0,0,0
2013-06-24,9,0,0,0
2013-06-25,9,0,0,55000
2013-06-26,9,0,0,10000
2013-06-27,9,0,0,148598
2013-06-28,9,0,0,92274
2013-07-01,9,0,0,0
2013-07-02,9,0,0,4070
2013-07-03,9,0,0,25000
2013-07-04,9,0,0,0
2013-07-05,9,0,0,0
2013-07-08,9,0,0,0
2013-07-09,9,0,0,0
2013-07-10,9,0,0,0
2013-07-11,9,0,0,0
2013-07-12,9,0,0,0
2013-07-15,9.1,0.1,1.11,300
2013-07-16,9.06,-0.04,-0.44,3000
2013-07-17,9.02,-0.04,-0.44,1000
2013-07-18,9.02,0,0,0
2013-07-19,9.02,0,0,0
2013-07-22,9.02,0,0,0
2013-07-23,9.02,0,0,0
2013-07-24,9.02,0,0,4515
2013-07-25,9.02,0,0,1500
2013-07-26,9.02,0,0,0
2013-07-29,9.02,0,0,0
2013-07-30,9.02,0,0,0
2013-07-31,9.02,0,0,0
2013-08-02,9.5,0.48,5.32,4125
2013-08-05,9.49,-0.01,-0.11,8950
2013-08-06,9.49,0,0,600
2013-08-07,9.49,0,0,0
2013-08-08,9.05,-0.44,-4.64,22758
2013-08-12,9.05,0,0,0
2013-08-13,9.05,0,0,0
2013-08-14,9.05,0,0,1000
2013-08-15,9.05,0,0,0
2013-08-16,9.07,0.02,0.22,1733
2013-08-19,9.07,0,0,0
2013-08-20,9.07,0,0,0
2013-08-21,9.07,0,0,0
2013-08-22,9.07,0,0,0
2013-08-23,9.07,0,0,0
2013-08-26,9.07,0,0,0
2013-08-27,9.13,0.06,0.66,346
2013-08-28,9.17,0.04,0.44,1000
2013-08-29,9.5,0.33,3.6,26775
2013-08-30,9.5,0,0,0
2013-09-02,9.5,0,0,64212
2013-09-03,9.5,0,0,0
2013-09-04,9.54,0.04,0.42,1560
2013-09-05,9.51,-0.03,-0.31,216
2013-09-06,9.51,0,0,0
2013-09-09,9.6,0.09,0.95,1032
2013-09-10,9.61,0.01,0.1,200
2013-09-11,9.61,0,0,2800
2013-09-12,9.61,0,0,0
2013-09-13,10,0.39,4.06,77088
2013-09-16,10,0,0,0
2013-09-17,10,0,0,0
2013-09-18,10.01,0.01,0.1,500
2013-09-19,10.01,0,0,0
2013-09-20,10.01,0,0,0
2013-09-23,10.02,0.01,0.1,388
2013-09-25,10.05,0.03,0.3,3212
2013-09-26,10.05,0,0,0
2013-09-27,10.05,0,0,0
2013-09-30,10.05,0,0,0
2013-10-01,10.05,0,0,0
2013-10-02,10.5,0.45,4.48,5000
2013-10-03,10.5,0,0,0
2013-10-04,10.5,0,0,0
2013-10-07,10.5,0,0,0
2013-10-08,11,0.5,4.76,4639
2013-10-09,11,0,0,361
2013-10-10,11,0,0,0
2013-10-11,11.5,0.5,4.55,2529
2013-10-14,11.5,0,0,0
2013-10-15,12,0.5,4.35,14000
2013-10-16,12.54,0.54,4.5,8500
2013-10-17,12.54,0,0,0
2013-10-18,13.45,0.91,7.26,13260
2013-10-21,13.29,-0.16,-1.19,1771
2013-10-22,13.5,0.21,1.58,1000
2013-10-23,13.5,0,0,100
2013-10-24,13.5,0,0,6525
2013-10-25,13.5,0,0,107132
2013-10-28,13.5,0,0,1000
2013-10-29,13.49,-0.01,-0.07,387
2013-10-30,13.44,-0.05,-0.37,6012
2013-10-31,13.43,-0.01,-0.07,10
2013-11-01,13.42,-0.01,-0.07,500
2013-11-04,13.42,0,0,0
2013-11-05,13.42,0,0,0
2013-11-06,13.42,0,0,304
2013-11-07,13.42,0,0,0
2013-11-08,13.25,-0.17,-1.27,2000
2013-11-11,13.25,0,0,0
2013-11-12,13.24,-0.01,-0.08,600
2013-11-13,13.24,0,0,0
2013-11-14,13.24,0,0,0
2013-11-15,13.24,0,0,0
2013-11-18,13.24,0,0,0
2013-11-19,13.24,0,0,0
2013-11-20,13.24,0,0,0
2013-11-21,13.24,0,0,0
2013-11-22,13.14,-0.1,-0.76,23000
2013-11-25,13,-0.14,-1.07,1129
2013-11-26,13,0,0,7085
2013-11-27,13,0,0,100
2013-11-28,13,0,0,1100
2013-11-29,13,0,0,10
2013-12-02,13,0,0,0
2013-12-03,13,0,0,100
2013-12-04,13,0,0,0
2013-12-05,13,0,0,0
2013-12-06,13,0,0,0
2013-12-09,13,0,0,0
2013-12-10,13,0,0,0
2013-12-11,12.75,-0.25,-1.92,27750
2013-12-12,12.75,0,0,0
2013-12-13,12.75,0,0,0
2013-12-16,12.5,-0.25,-1.96,25000
2013-12-17,12.5,0,0,0
2013-12-18,12.5,0,0,0
2013-12-19,12.5,0,0,0
2013-12-20,12.47,-0.03,-0.24,292
2013-12-23,12.47,0,0,0
2013-12-24,12.47,0,0,0
2013-12-27,12.47,0,0,200
2013-12-30,12.47,0,0,0
2013-12-31,12.47,0,0,100
2014-01-02,12.47,0,0,0
2014-01-03,12.47,0,0,0
2014-01-06,12.45,-0.02,-0.16,158
2014-01-07,12.47,0.02,0.16,51000
2014-01-08,12.44,-0.03,-0.24,600
2014-01-09,12.44,0,0,0
2014-01-10,12.44,0,0,0
2014-01-13,12.43,-0.01,-0.08,1978
2014-01-14,12,-0.43,-3.46,12059
2014-01-15,11.99,-0.01,-0.08,13098
2014-01-16,11.8,-0.19,-1.59,66156
2014-01-17,11.8,0,0,0
2014-01-20,11.8,0,0,0
2014-01-21,11.8,0,0,0
2014-01-22,11.8,0,0,0
2014-01-23,11.8,0,0,0
2014-01-24,11.5,-0.3,-2.54,101502
2014-01-27,11,-0.5,-4.35,1000
2014-01-28,10.75,-0.25,-2.27,47764
2014-01-29,10.75,0,0,1298
2014-01-30,10.84,0.09,0.84,21038
2014-01-31,10.75,-0.09,-0.83,35000
2014-02-03,10.75,0,0,10170
2014-02-04,10.75,0,0,36089
2014-02-05,10.76,0.01,0.09,78595
2014-02-06,10.75,-0.01,-0.09,15432
2014-02-07,10.75,0,0,36568
2014-02-10,10.75,0,0,6800
2014-02-11,10.75,0,0,15000
2014-02-12,10.75,0,0,0
2014-02-13,10.75,0,0,0
2014-02-14,10.75,0,0,100
2014-02-17,10.75,0,0,3100
2014-02-18,10.75,0,0,0
2014-02-19,10.75,0,0,0
2014-02-20,10.75,0,0,4905
2014-02-21,10.75,0,0,0
2014-02-24,10.75,0,0,0
2014-02-25,10.75,0,0,0
2014-02-26,10.76,0.01,0.09,990
2014-02-27,10.76,0,0,0
2014-02-28,10.76,0,0,0
2014-03-05,10.79,0.03,0.28,1500
2014-03-06,10.79,0,0,0
2014-03-07,10.79,0,0,0
2014-03-10,11,0.21,1.95,2188
2014-03-11,11,0,0,0
2014-03-12,11.01,0.01,0.09,29830
2014-03-13,11,-0.01,-0.09,1134
2014-03-14,11,0,0,12870
2014-03-17,11,0,0,52
2014-03-18,11,0,0,5038
2014-03-19,11,0,0,0
2014-03-20,11,0,0,0
2014-03-21,11,0,0,0
2014-03-24,11,0,0,3000
2014-03-25,11,0,0,10
2014-03-26,11,0,0,900
2014-03-27,11,0,0,602
2014-03-28,11,0,0,0
2014-04-01,11,0,0,0
2014-04-02,11,0,0,16470
2014-04-03,11,0,0,3530
2014-04-04,11,0,0,5991
2014-04-07,10.8,-0.2,-1.82,500
2014-04-08,11,0.2,1.85,12200
2014-04-09,11,0,0,3519
2014-04-10,11,0,0,5000
2014-04-11,11,0,0,12000
2014-04-14,11,0,0,29862
2014-04-15,11,0,0,2782
2014-04-16,11,0,0,0
2014-04-17,11,0,0,7318
2014-04-22,11,0,0,0
2014-04-23,11.7,0.7,6.36,3000
2014-04-24,11.7,0,0,0
2014-04-25,12.99,1.29,11.03,12960
2014-04-28,12.99,0,0,20201
2014-04-29,12.99,0,0,2709
2014-04-30,13,0.01,0.08,35851
2014-05-01,13,0,0,0
2014-05-02,13,0,0,56200
2014-05-05,13,0,0,59576
2014-05-06,13,0,0,27000
2014-05-07,13,0,0,9563
2014-05-08,13,0,0,65078
2014-05-09,12.75,-0.25,-1.92,263184
2014-05-12,12.75,0,0,25300
2014-05-13,12.75,0,0,0
2014-05-14,12.75,0,0,0
2014-05-15,13,0.25,1.96,1000
2014-05-16,13,0,0,0
2014-05-19,13,0,0,0
2014-05-20,13,0,0,5000
2014-05-21,13,0,0,0
2014-05-22,13,0,0,310
2014-05-23,13,0,0,0
2014-05-26,13,0,0,0
2014-05-27,13,0,0,100
2014-05-28,13,0,0,161
2014-05-29,13,0,0,0
2014-05-30,13,0,0,0
2014-06-02,13,0,0,0
2014-06-03,12.98,-0.02,-0.15,835
2014-06-04,12.98,0,0,0
2014-06-05,12.75,-0.23,-1.77,25380
2014-06-06,12.75,0,0,0
2014-06-09,12.75,0,0,3000
2014-06-10,12.75,0,0,0
2014-06-11,12.75,0,0,4000
2014-06-12,12.75,0,0,200
2014-06-13,12.75,0,0,0
2014-06-16,12.75,0,0,0
2014-06-17,12.75,0,0,51157
2014-06-18,12.75,0,0,0
2014-06-23,12.75,0,0,21500
2014-06-24,12.74,-0.01,-0.08,87926
2014-06-25,12.75,0.01,0.08,11340
2014-06-26,12.75,0,0,0
2014-06-27,12.75,0,0,200
2014-06-30,13,0.25,1.96,20216
2014-07-01,13,0,0,0
2014-07-02,13,0,0,0
2014-07-03,13,0,0,100
2014-07-04,13,0,0,0
2014-07-07,13,0,0,200
2014-07-08,13,0,0,0
2014-07-09,13,0,0,830
2014-07-10,12.98,-0.02,-0.15,963
2014-07-11,12.98,0,0,800
2014-07-14,12.98,0,0,0
2014-07-15,12.98,0,0,0
2014-07-16,12.98,0,0,0
2014-07-17,12.75,-0.23,-1.77,50094
2014-07-18,12.75,0,0,45206
2014-07-21,12.75,0,0,0
2014-07-22,12.75,0,0,0
2014-07-23,12.75,0,0,0
2014-07-24,12.75,0,0,13570
2014-07-25,12.75,0,0,0
2014-07-28,12.75,0,0,800
2014-07-30,12.75,0,0,29900
2014-07-31,12.75,0,0,500
2014-08-04,12.76,0.01,0.08,2000
2014-08-05,12.76,0,0,0
2014-08-06,12.76,0,0,0
2014-08-07,12.76,0,0,0
2014-08-08,12.76,0,0,0
2014-08-11,12.75,-0.01,-0.08,66870
2014-08-12,12.75,0,0,0
2014-08-13,12.75,0,0,0
2014-08-14,12.75,0,0,0
2014-08-15,12.75,0,0,13130
2014-08-18,12.75,0,0,11870
2014-08-19,12.75,0,0,0
2014-08-20,12.75,0,0,7000
2014-08-21,12.75,0,0,32541
2014-08-22,12.75,0,0,70
2014-08-25,12.75,0,0,523
2014-08-26,12.75,0,0,0
2014-08-27,12.75,0,0,0
2014-08-28,12.75,0,0,0
2014-08-29,12.75,0,0,0
2014-09-02,12.75,0,0,0
2014-09-03,12.75,0,0,0
2014-09-04,12.75,0,0,0
2014-09-05,12.74,-0.01,-0.08,525
2014-09-08,12.75,0.01,0.08,23950
2014-09-09,12.74,-0.01,-0.08,392
2014-09-10,12.75,0.01,0.08,230
2014-09-11,12.75,0,0,26000
2014-09-12,12.75,0,0,0
2014-09-15,12.75,0,0,0
2014-09-16,12.75,0,0,0
2014-09-17,12.75,0,0,0
2014-09-18,12.75,0,0,0
2014-09-19,12.75,0,0,0
2014-09-22,12.7,-0.05,-0.39,393
2014-09-23,12.7,0,0,193
2014-09-25,12.7,0,0,5393
2014-09-26,12.7,0,0,13841
2014-09-29,12.75,0.05,0.39,82069
2014-09-30,12.75,0,0,2000
2014-10-01,12.75,0,0,7
2014-10-02,12.75,0,0,0
2014-10-03,12.75,0,0,300
2014-10-06,12.75,0,0,0
2014-10-07,12.75,0,0,313
2014-10-08,12.75,0,0,0
2014-10-09,12.64,-0.11,-0.86,1923
2014-10-10,12.64,0,0,0
2014-10-13,12.62,-0.02,-0.16,1500
2014-10-14,12.55,-0.07,-0.56,10000
2014-10-15,12.5,-0.05,-0.4,29087
2014-10-16,12.5,0,0,150
2014-10-17,12.52,0.02,0.16,90
2014-10-20,12.52,0,0,0
2014-10-21,12.52,0,0,0
2014-10-22,12.52,0,0,0
2014-10-24,12.55,0.03,0.24,400
2014-10-27,12.53,-0.02,-0.16,2210
2014-10-28,12.5,-0.03,-0.24,9627
2014-10-29,12.5,0,0,8137
2014-10-30,12.5,0,0,0
2014-10-31,12.5,0,0,0
2014-11-03,12.5,0,0,0
2014-11-04,12.55,0.05,0.4,1724
2014-11-05,12.75,0.2,1.59,14903
2014-11-06,12.75,0,0,8552
2014-11-07,12.75,0,0,0
2014-11-10,12.75,0,0,3396
2014-11-11,12.75,0,0,1000
2014-11-12,12.75,0,0,0
2014-11-13,12.76,0.01,0.08,4266
2014-11-14,12.76,0,0,0
2014-11-17,12.76,0,0,26387
2014-11-18,12.76,0,0,0
2014-11-19,12.76,0,0,0
2014-11-20,12.76,0,0,0
2014-11-21,12.76,0,0,0
2014-11-24,12.76,0,0,0
2014-11-25,12.76,0,0,0
2014-11-26,12.76,0,0,1057
2014-11-27,12.76,0,0,10823
2014-11-28,12.76,0,0,0
2014-12-01,12.76,0,0,990
2014-12-02,12.76,0,0,0
2014-12-03,12.76,0,0,0
2014-12-04,12.77,0.01,0.08,4025
2014-12-05,12.77,0,0,0
2014-12-08,12.78,0.01,0.08,1000
2014-12-09,12.78,0,0,0
2014-12-10,12.78,0,0,0
2014-12-11,12.78,0,0,0
2014-12-12,12.82,0.04,0.31,4500
2014-12-15,12.82,0,0,0
2014-12-16,12.89,0.07,0.55,1224
2014-12-17,12.89,0,0,0
2014-12-18,13.26,0.37,2.87,2000
2014-12-19,13.26,0,0,7902
2014-12-22,13.26,0,0,1998
2014-12-23,13.26,0,0,1200
2014-12-24,13.3,0.04,0.3,250
2014-12-29,13.5,0.2,1.5,5180
2014-12-30,13.5,0,0,0
2014-12-31,13.5,0,0,0
2015-01-02,13.5,0,0,0
2015-01-05,13.5,0,0,0
2015-01-06,13.5,0,0,0
2015-01-07,14,0.5,3.7,10000
2015-01-08,14,0,0,0
2015-01-09,14,0,0,200
2015-01-12,14.74,0.74,5.29,9600
2015-01-13,14.74,0,0,0
2015-01-14,15,0.26,1.76,15000
2015-01-15,15.01,0.01,0.07,1980
2015-01-16,15.5,0.49,3.26,11563
2015-01-19,15.5,0,0,0
2015-01-20,15.5,0,0,0
2015-01-21,15.5,0,0,0
2015-01-22,15.5,0,0,0
2015-01-23,15.5,0,0,750
2015-01-26,16,0.5,3.23,36856
2015-01-27,16,0,0,2000
2015-01-28,16,0,0,4419
2015-01-29,15.98,-0.02,-0.13,413
2015-01-30,15.98,0,0,156
2015-02-02,15.94,-0.04,-0.25,1772
2015-02-03,15.9,-0.04,-0.25,1972
2015-02-04,15.9,0,0,0
2015-02-05,15.9,0,0,0
2015-02-06,15.9,0,0,0
2015-02-09,15.9,0,0,0
2015-02-10,15.9,0,0,0
2015-02-11,15.9,0,0,0
2015-02-12,15.9,0,0,0
2015-02-13,15.9,0,0,0
2015-02-18,15.9,0,0,0
2015-02-19,15.9,0,0,0
2015-02-20,15.9,0,0,0
2015-02-23,15.9,0,0,0
2015-02-24,15.9,0,0,0
2015-02-25,15.9,0,0,0
2015-02-26,15.9,0,0,0
2015-02-27,15.9,0,0,0
2015-03-02,15.06,-0.84,-5.28,203387
2015-03-03,15,-0.06,-0.4,655
2015-03-04,15,0,0,0
2015-03-05,15,0,0,0
2015-03-06,15,0,0,0
2015-03-09,15,0,0,0
2015-03-10,15,0,0,0
2015-03-11,14.96,-0.04,-0.27,1500
2015-03-12,14.9,-0.06,-0.4,5334
2015-03-13,14.89,-0.01,-0.07,650
2015-03-16,14.89,0,0,0
2015-03-17,14.5,-0.39,-2.62,27500
2015-03-18,14.5,0,0,0
2015-03-19,14.25,-0.25,-1.72,8640
2015-03-20,14.01,-0.24,-1.68,14952
2015-03-23,14.01,0,0,0
2015-03-24,14.01,0,0,0
2015-03-25,14,-0.01,-0.07,1150
2015-03-26,14,0,0,350
2015-03-27,14,0,0,10548
2015-03-31,14,0,0,7000
2015-04-01,14,0,0,0
2015-04-02,14,0,0,0
2015-04-07,14,0,0,0
2015-04-08,14,0,0,0
2015-04-09,14,0,0,0
2015-04-10,14,0,0,0
2015-04-13,13.99,-0.01,-0.07,384
2015-04-14,13.99,0,0,0
2015-04-15,13.99,0,0,0
2015-04-16,13.99,0,0,0
2015-04-17,13.99,0,0,0
2015-04-20,13.98,-0.01,-0.07,125
2015-04-21,13.98,0,0,0
2015-04-22,13.98,0,0,0
2015-04-23,13.98,0,0,0
2015-04-24,13.91,-0.07,-0.5,2021
2015-04-27,13.91,0,0,0
2015-04-28,13.91,0,0,0
2015-04-29,13.91,0,0,0
2015-04-30,13.9,-0.01,-0.07,18471
2015-05-01,13.9,0,0,0
2015-05-04,13.9,0,0,0
2015-05-05,13.9,0,0,0
2015-05-06,13.9,0,0,715
2015-05-07,13.9,0,0,0
2015-05-08,13.9,0,0,0
2015-05-11,13.9,0,0,10000
2015-05-12,13.9,0,0,0
2015-05-13,13.9,0,0,0
2015-05-14,13.9,0,0,6099
2015-05-15,13.9,0,0,0
2015-05-18,13.9,0,0,0
2015-05-19,13.9,0,0,0
2015-05-20,13.9,0,0,0
2015-05-21,13.9,0,0,0
2015-05-22,13.9,0,0,5785
2015-05-25,13.9,0,0,0
2015-05-26,13.9,0,0,0
2015-05-27,13.9,0,0,0
2015-05-28,13.9,0,0,0
2015-05-29,13.9,0,0,0
2015-06-01,13.9,0,0,0
2015-06-02,13.9,0,0,44
2015-06-03,13.9,0,0,0
2015-06-05,13.9,0,0,0
2015-06-08,13.9,0,0,0
2015-06-09,13.9,0,0,0
2015-06-10,13.9,0,0,371
2015-06-11,13.9,0,0,0
2015-06-12,13.9,0,0,0
2015-06-15,13.9,0,0,0
2015-06-16,13.9,0,0,0
2015-06-17,13.9,0,0,0
2015-06-18,13.9,0,0,0
2015-06-22,13.9,0,0,0
2015-06-23,13.9,0,0,0
2015-06-24,13.9,0,0,0
2015-06-25,13.9,0,0,0
2015-06-26,13.9,0,0,0
2015-06-29,13.9,0,0,0
2015-06-30,13.9,0,0,0
2015-07-01,13.9,0,0,5005
2015-07-02,13.9,0,0,6749
2015-07-03,13.9,0,0,0
2015-07-06,13.9,0,0,3251
2015-07-07,13.9,0,0,0
2015-07-08,13.9,0,0,0
2015-07-09,13.9,0,0,12749
2015-07-10,13.9,0,0,1600
2015-07-13,13.9,0,0,17090
2015-07-14,13.9,0,0,13000
2015-07-15,13.9,0,0,0
2015-07-16,14,0.1,0.72,1273
2015-07-17,14,0,0,0
2015-07-20,14,0,0,2000
2015-07-21,14,0,0,63
2015-07-22,14,0,0,0
2015-07-23,14,0,0,0
2015-07-24,14,0,0,1188
2015-07-27,14.01,0.01,0.07,30000
2015-07-28,14.01,0,0,4950
2015-07-29,14.01,0,0,500
2015-07-30,14.01,0,0,0
2015-07-31,14.01,0,0,0
2015-08-03,14.01,0,0,0
2015-08-04,14.02,0.01,0.07,870
2015-08-05,14.01,-0.01,-0.07,19156
2015-08-06,14.01,0,0,0
2015-08-07,14,-0.01,-0.07,8173
2015-08-10,14,0,0,0
2015-08-11,14,0,0,0
2015-08-12,14,0,0,0
2015-08-13,14,0,0,87735
2015-08-14,14,0,0,0
2015-08-17,14,0,0,0
2015-08-18,14,0,0,0
2015-08-19,14,0,0,1940
2015-08-20,14,0,0,40
2015-08-21,14,0,0,0
2015-08-24,14,0,0,500
2015-08-25,14,0,0,0
2015-08-26,14,0,0,0
2015-08-27,14,0,0,460
2015-08-28,14,0,0,0
2015-09-01,14,0,0,0
2015-09-02,14,0,0,0
2015-09-03,14,0,0,12645
2015-09-04,14,0,0,25000
2015-09-07,14,0,0,15100
2015-09-08,14.5,0.5,3.57,1000000
2015-09-09,14.5,0,0,540
2015-09-10,14.5,0,0,0
2015-09-11,14.5,0,0,0
2015-09-14,14,-0.5,-3.45,1772
2015-09-15,14,0,0,0
2015-09-16,14,0,0,0
2015-09-17,14,0,0,3984
2015-09-18,14,0,0,0
2015-09-21,14,0,0,30270
2015-09-22,14,0,0,0
2015-09-23,14,0,0,0
2015-09-25,14,0,0,0
2015-09-28,14,0,0,0
2015-09-29,14,0,0,42000
2015-09-30,14,0,0,0
2015-10-01,14,0,0,53946
2015-10-02,14,0,0,0
2015-10-05,14,0,0,0
2015-10-06,14,0,0,9925
2015-10-07,14,0,0,0
2015-10-08,14,0,0,0
2015-10-09,14,0,0,0
2015-10-12,14,0,0,22
2015-10-13,14,0,0,0
2015-10-14,14,0,0,1478
2015-10-15,14,0,0,0
2015-10-16,14,0,0,0
2015-10-19,14,0,0,0
2015-10-20,14.01,0.01,0.07,598
2015-10-21,14,-0.01,-0.07,8237
2015-10-22,14,0,0,842
2015-10-23,14,0,0,19921
2015-10-26,14,0,0,0
2015-10-27,14,0,0,0
2015-10-28,14,0,0,0
2015-10-29,14,0,0,0
2015-10-30,14,0,0,8149
2015-11-02,14,0,0,0
2015-11-03,14,0,0,1851
2015-11-04,14,0,0,0
2015-11-05,14,0,0,28679
2015-11-06,14,0,0,0
2015-11-09,14,0,0,500
2015-11-11,14,0,0,0
2015-11-12,14,0,0,0
2015-11-13,14,0,0,0
2015-11-16,14,0,0,0
2015-11-17,14,0,0,0
2015-11-18,14,0,0,0
2015-11-19,14,0,0,74
2015-11-20,14,0,0,0
2015-11-23,14,0,0,0
2015-11-24,14,0,0,0
2015-11-25,14,0,0,0
2015-11-26,14,0,0,0
2015-11-27,14,0,0,0
2015-11-30,14,0,0,0
2015-12-01,13.99,-0.01,-0.07,5763
2015-12-02,13.99,0,0,0
2015-12-03,13.99,0,0,0
2015-12-04,13.99,0,0,0
2015-12-07,13.99,0,0,0
2015-12-08,13.99,0,0,0
2015-12-09,13.99,0,0,0
2015-12-10,13.99,0,0,0
2015-12-11,13.99,0,0,0
2015-12-14,13.98,-0.01,-0.07,704
2015-12-15,13.97,-0.01,-0.07,200
2015-12-16,13.97,0,0,0
2015-12-17,13.97,0,0,0
2015-12-18,13.97,0,0,0
2015-12-21,13.97,0,0,0
2015-12-22,13.97,0,0,0
2015-12-23,13.97,0,0,0
2015-12-24,13.97,0,0,0
2015-12-28,13.97,0,0,0
2015-12-29,13.97,0,0,0
2015-12-30,13.97,0,0,0
2015-12-31,13.97,0,0,0
2016-01-04,13.95,-0.02,-0.14,20000
2016-01-05,13.93,-0.02,-0.14,11500
2016-01-06,13.75,-0.18,-1.29,2
2016-01-07,13.74,-0.01,-0.07,3435
2016-01-08,13.74,0,0,0
2016-01-11,13.74,0,0,0
2016-01-12,13.74,0,0,0
2016-01-13,13.74,0,0,0
2016-01-14,13.64,-0.1,-0.73,850
2016-01-15,13.64,0,0,0
2016-01-18,13.62,-0.02,-0.15,20976
2016-01-19,13.62,0,0,0
2016-01-20,13.6,-0.02,-0.15,49
2016-01-21,13.6,0,0,0
2016-01-22,13.6,0,0,15906
2016-01-25,13.6,0,0,0
2016-01-26,13.6,0,0,0
2016-01-27,13.6,0,0,0
2016-01-28,13.6,0,0,110
2016-01-29,13.6,0,0,850
2016-02-01,13.6,0,0,0
2016-02-02,13.6,0,0,0
2016-02-03,13.6,0,0,0
2016-02-04,13.6,0,0,0
2016-02-05,13.6,0,0,0
2016-02-10,13.6,0,0,0
2016-02-11,13.6,0,0,0
2016-02-12,13.6,0,0,0
2016-02-15,13.6,0,0,0
2016-02-16,13.6,0,0,0
2016-02-17,13.6,0,0,0
2016-02-18,13.6,0,0,0
2016-02-19,13.6,0,0,0
2016-02-22,13.6,0,0,0
2016-02-23,13.6,0,0,726
2016-02-24,13.6,0,0,358
2016-02-25,13.6,0,0,0
2016-02-26,13.6,0,0,0
2016-02-29,13.6,0,0,0
2016-03-01,13.6,0,0,0
2016-03-02,13.6,0,0,0
2016-03-03,13.6,0,0,0
2016-03-04,13.6,0,0,0
2016-03-07,13.6,0,0,0
2016-03-08,13.6,0,0,0
2016-03-09,13.6,0,0,0
2016-03-10,13.6,0,0,0
2016-03-11,13.6,0,0,0
2016-03-14,13.6,0,0,0
2016-03-15,13.6,0,0,0
2016-03-16,13.6,0,0,0
2016-03-17,13.6,0,0,0
2016-03-18,13.6,0,0,0
2016-03-21,13.6,0,0,0
2016-03-22,13.6,0,0,0
2016-03-23,13.6,0,0,0
2016-03-24,13.25,-0.35,-2.57,16959
2016-03-29,13.25,0,0,0
2016-03-31,13.25,0,0,0
2016-04-01,13.25,0,0,0
2016-04-04,13.25,0,0,0
2016-04-05,13.25,0,0,0
2016-04-06,13.25,0,0,0
2016-04-07,13.18,-0.07,-0.53,1500
2016-04-08,13.2,0.02,0.15,36541
2016-04-11,13.2,0,0,225
2016-04-12,13.2,0,0,75
2016-04-13,13.2,0,0,0
2016-04-14,13,-0.2,-1.52,7000
2016-04-15,13,0,0,18000
2016-04-18,13,0,0,0
2016-04-19,13,0,0,0
2016-04-20,13,0,0,5780
2016-04-21,13,0,0,0
2016-04-22,12.9,-0.1,-0.77,1848
2016-04-25,13,0.1,0.78,60
2016-04-26,13,0,0,0
2016-04-27,13,0,0,0
2016-04-28,13,0,0,1875
2016-04-29,13,0,0,0
2016-05-02,13,0,0,0
2016-05-03,13,0,0,0
2016-05-04,13,0,0,0
2016-05-05,13,0,0,0
2016-05-06,13,0,0,0
2016-05-09,13,0,0,0
2016-05-10,13,0,0,0
2016-05-11,13,0,0,0
2016-05-12,12.99,-0.01,-0.08,385
2016-05-13,12.99,0,0,0
2016-05-16,12.99,0,0,0
2016-05-17,12.99,0,0,0
2016-05-18,12.99,0,0,0
2016-05-19,12.54,-0.45,-3.46,1600
2016-05-20,12.9,0.36,2.87,11779
2016-05-23,12.9,0,0,0
2016-05-24,12.9,0,0,0
2016-05-25,12.9,0,0,0
2016-05-27,12.9,0,0,0
2016-05-31,12.9,0,0,0
2016-06-01,12.9,0,0,0
2016-06-02,12.9,0,0,0
2016-06-03,12.9,0,0,0
2016-06-06,12.9,0,0,0
2016-06-07,12.9,0,0,0
2016-06-08,12.76,-0.14,-1.09,3454
2016-06-09,12.75,-0.01,-0.08,100
2016-06-10,12.75,0,0,0
2016-06-13,12.75,0,0,0
2016-06-14,12.75,0,0,0
2016-06-15,12.75,0,0,0
2016-06-16,12.75,0,0,0
2016-06-17,12.81,0.06,0.47,15200
2016-06-21,12.81,0,0,0
2016-06-22,12.81,0,0,0
2016-06-23,12.9,0.09,0.7,460
2016-06-24,12.9,0,0,6689
2016-06-27,12.9,0,0,0
2016-06-28,12.9,0,0,0
2016-06-29,13,0.1,0.78,31835
2016-06-30,13,0,0,0
2016-07-01,13,0,0,6000
2016-07-04,13,0,0,1350
2016-07-05,13,0,0,0
2016-07-07,13,0,0,0
2016-07-08,13,0,0,0
2016-07-11,13,0,0,0
2016-07-12,13,0,0,200
2016-07-13,13,0,0,0
2016-07-14,13.6,0.6,4.62,20495
2016-07-15,13.6,0,0,6131
2016-07-18,13.6,0,0,0
2016-07-19,13.5,-0.1,-0.74,200
2016-07-20,13.5,0,0,0
2016-07-21,13.5,0,0,0
2016-07-22,13.5,0,0,0
2016-07-25,13.5,0,0,250
2016-07-26,13.5,0,0,5000
2016-07-27,13.5,0,0,0
2016-07-28,13.51,0.01,0.07,25700
2016-07-29,13.51,0,0,0
2016-08-02,13.51,0,0,0
2016-08-03,13.51,0,0,0
2016-08-04,13.51,0,0,0
2016-08-05,13.51,0,0,0
2016-08-08,13.51,0,0,0
2016-08-09,13.51,0,0,0
2016-08-10,13.51,0,0,0
2016-08-11,13.51,0,0,0
2016-08-12,13.51,0,0,0
2016-08-15,13.51,0,0,0
2016-08-16,13.51,0,0,0
2016-08-17,14,0.49,3.63,7049
2016-08-18,14,0,0,0
2016-08-19,14,0,0,0
2016-08-22,14,0,0,0
2016-08-23,14,0,0,0
2016-08-24,14,0,0,0
2016-08-25,14,0,0,0
2016-08-26,14,0,0,0
2016-08-29,14,0,0,80692
2016-08-30,14,0,0,482737
2016-09-01,14,0,0,40633
2016-09-02,14,0,0,27
2016-09-05,14,0,0,41984
2016-09-06,14.02,0.02,0.14,18685
2016-09-07,14.02,0,0,0
2016-09-08,14.02,0,0,0
2016-09-09,14.02,0,0,0
2016-09-12,14.01,-0.01,-0.07,10300
2016-09-13,14.01,0,0,0
2016-09-14,14.01,0,0,0
2016-09-15,14,-0.01,-0.07,2150
2016-09-16,14.04,0.04,0.29,6000
2016-09-19,14.04,0,0,0
2016-09-20,14.04,0,0,0
2016-09-21,14.04,0,0,0
2016-09-22,14.04,0,0,0
2016-09-23,14.5,0.46,3.28,5000
2016-09-26,14.5,0,0,0
2016-09-27,14.5,0,0,0
2016-09-28,14.5,0,0,0
2016-09-29,14.5,0,0,149
2016-09-30,14.5,0,0,0
2016-10-03,14.5,0,0,0
2016-10-04,14.55,0.05,0.34,40000
2016-10-05,14.55,0,0,0
2016-10-06,14.56,0.01,0.07,110
2016-10-07,14.56,0,0,0
2016-10-10,14.56,0,0,0
2016-10-11,14.65,0.09,0.62,2000
2016-10-12,14.65,0,0,0
2016-10-13,14.65,0,0,1200
2016-10-14,14.65,0,0,0
2016-10-17,14.65,0,0,0
2016-10-18,14.65,0,0,0
2016-10-19,14.65,0,0,0
2016-10-20,14.65,0,0,0
2016-10-21,14.65,0,0,0
2016-10-24,14.65,0,0,0
2016-10-25,14.65,0,0,2219
2016-10-26,14.95,0.3,2.05,10000
2016-10-27,15,0.05,0.33,15849
2016-10-28,15,0,0,0
2016-10-31,15,0,0,0
2016-11-01,15,0,0,2525
2016-11-02,15,0,0,0
2016-11-03,15.5,0.5,3.33,3000
2016-11-04,15.5,0,0,0
2016-11-07,15.5,0,0,7317
2016-11-08,15.5,0,0,0
2016-11-09,15.5,0,0,0
2016-11-10,16,0.5,3.23,3000
2016-11-11,16.01,0.01,0.06,2000
2016-11-14,16.01,0,0,0
2016-11-15,15.63,-0.38,-2.37,82750
2016-11-16,15.5,-0.13,-0.83,90500
2016-11-17,15.5,0,0,66534
2016-11-18,15.5,0,0,20000
2016-11-21,15.5,0,0,168184
2016-11-22,15.5,0,0,150473
2016-11-23,15.5,0,0,0
2016-11-24,15.5,0,0,0
2016-11-25,15.5,0,0,0
2016-11-28,15.5,0,0,0
2016-11-29,16,0.5,3.23,150
2016-11-30,15.5,-0.5,-3.13,2000
2016-12-01,15.5,0,0,1000
2016-12-02,15.5,0,0,0
2016-12-05,15.5,0,0,62
2016-12-06,15.5,0,0,15
2016-12-07,15.5,0,0,75000
2016-12-08,15.5,0,0,0
2016-12-09,15.5,0,0,0
2016-12-12,15.5,0,0,0
2016-12-13,15.5,0,0,0
2016-12-14,15.5,0,0,0
2016-12-15,15.5,0,0,0
2016-12-16,15.5,0,0,0
2016-12-19,15.5,0,0,0
2016-12-20,15.5,0,0,0
2016-12-21,15.5,0,0,0
2016-12-22,15.5,0,0,0
2016-12-23,15,-0.5,-3.23,36443
2016-12-28,15,0,0,0
2016-12-29,15,0,0,0
2016-12-30,15,0,0,0
2017-01-03,14.76,-0.24,-1.6,5131
2017-01-04,14.76,0,0,0
2017-01-05,14.76,0,0,0
2017-01-06,14.76,0,0,0
2017-01-09,14.7,-0.06,-0.41,2221
2017-01-10,14.7,0,0,0
2017-01-11,14.7,0,0,0
2017-01-12,14.7,0,0,12025
2017-01-13,14.7,0,0,0
2017-01-16,14.7,0,0,0
2017-01-17,14.7,0,0,0
2017-01-18,14.7,0,0,0
2017-01-19,14.7,0,0,0
2017-01-20,14.7,0,0,0
2017-01-23,14.7,0,0,4000
2017-01-24,14.71,0.01,0.07,30000
2017-01-25,14.71,0,0,0
2017-01-26,14.72,0.01,0.07,11968
2017-01-27,14.72,0,0,0
2017-01-30,14.72,0,0,0
2017-01-31,14.75,0.03,0.2,14100
2017-02-01,14.75,0,0,450
2017-02-02,14.75,0,0,0
2017-02-03,14.75,0,0,0
2017-02-06,14.75,0,0,0
2017-02-07,14.75,0,0,0
2017-02-08,14.75,0,0,0
2017-02-09,14.75,0,0,0
2017-02-10,15,0.25,1.69,20394
2017-02-13,15,0,0,0
2017-02-14,15,0,0,127
2017-02-15,15,0,0,0
2017-02-16,15,0,0,0
2017-02-17,15,0,0,20948
2017-02-20,15,0,0,0
2017-02-21,15,0,0,57
2017-02-22,15,0,0,0
2017-02-23,15,0,0,0
2017-02-24,15,0,0,20940
2017-03-01,15,0,0,0
2017-03-02,15,0,0,0
2017-03-03,15,0,0,0
2017-03-06,15,0,0,0
2017-03-07,15,0,0,9850
2017-03-08,15,0,0,1500
2017-03-09,15,0,0,1500
2017-03-10,15,0,0,10000
2017-03-13,15,0,0,10000
2017-03-14,15,0,0,27182
2017-03-15,15,0,0,0
2017-03-16,15,0,0,0
2017-03-17,15,0,0,0
2017-03-20,15.01,0.01,0.07,160
2017-03-21,15.01,0,0,0
2017-03-22,15.01,0,0,0
2017-03-23,15.01,0,0,1500
2017-03-24,15.01,0,0,1000
2017-03-27,15.01,0,0,7500
2017-03-28,15.01,0,0,24534
2017-03-29,15.01,0,0,0
2017-03-31,15,-0.01,-0.07,10
2017-04-03,14.95,-0.05,-0.33,11000
2017-04-04,14.95,0,0,333
2017-04-05,14.9,-0.05,-0.33,40
2017-04-06,14.9,0,0,0
2017-04-07,14.9,0,0,63958
2017-04-10,14.9,0,0,0
2017-04-11,14.9,0,0,0
2017-04-12,14.9,0,0,86454
2017-04-13,14.9,0,0,94015
2017-04-18,14.9,0,0,34900
2017-04-19,14.9,0,0,0
2017-04-20,14.9,0,0,0
2017-04-21,15,0.1,0.67,5000
2017-04-24,15,0,0,0
2017-04-25,15,0,0,0
2017-04-26,15,0,0,0
2017-04-27,15,0,0,0
2017-04-28,15,0,0,10000
2017-05-01,15,0,0,0
2017-05-02,15,0,0,0
2017-05-03,15,0,0,0
2017-05-04,15,0,0,0
2017-05-05,15,0,0,0
2017-05-08,15,0,0,0
2017-05-09,15,0,0,0
2017-05-10,15,0,0,0
2017-05-11,15,0,0,0
2017-05-12,15,0,0,0
2017-05-15,15,0,0,0
2017-05-16,15,0,0,0
2017-05-17,15,0,0,0
2017-05-18,15,0,0,0
2017-05-19,15.01,0.01,0.07,60
2017-05-22,15.01,0,0,164
2017-05-23,15,-0.01,-0.07,6567
2017-05-24,15,0,0,1400
2017-05-25,15,0,0,0
2017-05-26,15,0,0,5000
2017-05-29,15,0,0,400
2017-05-31,15,0,0,17500
2017-06-01,15,0,0,11000
2017-06-02,15.01,0.01,0.07,30
2017-06-05,15,-0.01,-0.07,470
2017-06-06,15,0,0,0
2017-06-07,15,0,0,0
2017-06-08,15,0,0,0
2017-06-09,15,0,0,0
2017-06-12,15,0,0,0
2017-06-13,15.01,0.01,0.07,20000
2017-06-14,15.01,0,0,0
2017-06-16,15.01,0,0,0
2017-06-21,15.01,0,0,0
2017-06-22,15.01,0,0,2000
2017-06-23,15.01,0,0,0
2017-06-27,15.01,0,0,0
2017-06-28,15.01,0,0,0
2017-06-29,15.01,0,0,0
2017-06-30,15.01,0,0,0
2017-07-03,15.01,0,0,7772
2017-07-04,15.01,0,0,0
2017-07-05,15.01,0,0,0
2017-07-06,15.01,0,0,0
2017-07-07,15.01,0,0,0
2017-07-10,15.01,0,0,0
2017-07-11,15.01,0,0,5000
2017-07-12,15.01,0,0,0
2017-07-13,15.01,0,0,0
2017-07-14,15.02,0.01,0.07,6579
2017-07-17,15.02,0,0,0
2017-07-18,15.01,-0.01,-0.07,55
2017-07-19,15.01,0,0,0
2017-07-20,15.01,0,0,935
2017-07-21,15.01,0,0,0
2017-07-24,15.01,0,0,0
2017-07-25,15.01,0,0,0
2017-07-26,15.1,0.09,0.6,281
2017-07-27,15.1,0,0,0
2017-07-28,15.1,0,0,0
2017-07-31,15.02,-0.08,-0.53,49180
2017-08-02,15.01,-0.01,-0.07,21000
2017-08-03,15.01,0,0,0
2017-08-04,15.01,0,0,625
2017-08-07,15.01,0,0,40342
2017-08-08,15.01,0,0,0
2017-08-09,15.22,0.21,1.4,40258
2017-08-10,15.22,0,0,0
2017-08-11,15.22,0,0,0
2017-08-14,15.22,0,0,0
2017-08-15,15.01,-0.21,-1.38,30000
2017-08-16,15.01,0,0,0
2017-08-17,15.01,0,0,0
2017-08-18,15.01,0,0,200000
2017-08-21,15,-0.01,-0.07,125000
2017-08-22,15,0,0,0
2017-08-23,15,0,0,0
2017-08-24,15,0,0,0
2017-08-25,15,0,0,5000
2017-08-28,15,0,0,0
2017-08-29,15,0,0,1000
2017-08-30,15,0,0,0
2017-09-01,15,0,0,0
2017-09-04,15,0,0,0
2017-09-05,15,0,0,0
2017-09-06,15,0,0,0
2017-09-07,15,0,0,0
2017-09-08,15.15,0.15,1,594
2017-09-11,15.15,0,0,0
2017-09-12,15.15,0,0,15492
2017-09-13,15.15,0,0,4000
2017-09-14,15.15,0,0,0
2017-09-15,15.15,0,0,2732
2017-09-18,15.15,0,0,0
2017-09-19,15.15,0,0,0
2017-09-20,15.25,0.1,0.66,600
2017-09-21,15.25,0,0,0
2017-09-22,15.25,0,0,0
2017-09-26,15.25,0,0,0
2017-09-27,15.24,-0.01,-0.07,400
2017-09-28,15.24,0,0,6
2017-09-29,15.24,0,0,0
2017-10-02,15.23,-0.01,-0.07,5000
2017-10-03,15.15,-0.08,-0.53,187946
2017-10-04,15.1,-0.05,-0.33,184
2017-10-05,15.1,0,0,0
2017-10-06,15,-0.1,-0.66,373
2017-10-09,15,0,0,15856
2017-10-10,15,0,0,99715
2017-10-11,15,0,0,151500
2017-10-12,15,0,0,300000
2017-10-16,15,0,0,0
2017-10-17,15,0,0,8000
2017-10-19,15,0,0,1000
2017-10-20,15,0,0,0
2017-10-23,15,0,0,39700
2017-10-24,15,0,0,50000
2017-10-25,15,0,0,0
2017-10-26,15,0,0,0
2017-10-27,15,0,0,0
2017-10-30,15,0,0,0
2017-10-31,15,0,0,0
2017-11-01,15,0,0,0
2017-11-02,15.05,0.05,0.33,1350
2017-11-03,15.05,0,0,0
2017-11-06,15.05,0,0,0
2017-11-07,15,-0.05,-0.33,450
2017-11-08,15.05,0.05,0.33,164
2017-11-09,15.05,0,0,7541
2017-11-10,15.05,0,0,0
2017-11-13,15.05,0,0,2180
2017-11-14,15.05,0,0,0
2017-11-15,15.05,0,0,0
2017-11-16,15.05,0,0,17100
2017-11-17,15.05,0,0,2881
2017-11-20,15.05,0,0,0
2017-11-21,15.05,0,0,8100
2017-11-22,15.05,0,0,0
2017-11-23,15.05,0,0,400
2017-11-24,15.05,0,0,0
2017-11-27,15.05,0,0,3000
2017-11-28,15.05,0,0,0
2017-11-29,15.05,0,0,10
2017-11-30,15.05,0,0,0
2017-12-01,15.05,0,0,0
2017-12-04,15.05,0,0,700
2017-12-05,15.05,0,0,731
2017-12-06,15.05,0,0,2700
2017-12-07,15.05,0,0,0
2017-12-08,15.05,0,0,9513
2017-12-11,15,-0.05,-0.33,1800
2017-12-12,15.01,0.01,0.07,238
2017-12-13,15,-0.01,-0.07,42437
2017-12-14,15,0,0,0
2017-12-15,15,0,0,0
2017-12-18,15,0,0,0
2017-12-19,15.2,0.2,1.33,20
2017-12-20,15.2,0,0,0
2017-12-21,15.2,0,0,0
2017-12-22,15.2,0,0,0
2017-12-27,15.2,0,0,0
2017-12-28,15.2,0,0,0
2017-12-29,15.05,-0.15,-0.99,75
2018-01-02,15.05,0,0,0
2018-01-03,15,-0.05,-0.33,375
2018-01-04,15,0,0,0
2018-01-05,15,0,0,1000
2018-01-08,15,0,0,0
2018-01-09,15,0,0,0
2018-01-10,15,0,0,0
2018-01-11,15,0,0,871
2018-01-12,15.85,0.85,5.67,41530
2018-01-15,15.67,-0.18,-1.14,52920
2018-01-16,15.67,0,0,0
2018-01-17,15.67,0,0,0
2018-01-18,15.67,0,0,0
2018-01-19,15.67,0,0,0
2018-01-22,15.67,0,0,0
2018-01-23,15.67,0,0,0
2018-01-24,15.67,0,0,0
2018-01-25,15.67,0,0,0
2018-01-26,15.67,0,0,0
2018-01-29,15.67,0,0,0
2018-01-30,15.67,0,0,0
2018-01-31,15.7,0.03,0.19,80
2018-02-01,15.7,0,0,0
2018-02-02,15.7,0,0,0
2018-02-05,15.7,0,0,0
2018-02-06,15.67,-0.03,-0.19,17096
2018-02-07,15.67,0,0,0
2018-02-08,15.67,0,0,0
2018-02-09,15.67,0,0,925
2018-02-14,15.67,0,0,20094
2018-02-15,15.67,0,0,0
2018-02-16,15.67,0,0,0
2018-02-19,15.67,0,0,0
2018-02-20,15.67,0,0,2127
2018-02-21,15.67,0,0,0
2018-02-22,15.67,0,0,650
2018-02-23,15.67,0,0,0
2018-02-26,15.67,0,0,0
2018-02-27,15.67,0,0,3000
2018-02-28,15.67,0,0,200
2018-03-01,15.67,0,0,0
2018-03-02,15.67,0,0,0
2018-03-05,15.67,0,0,0
2018-03-06,15.67,0,0,0
2018-03-07,15.7,0.03,0.19,700
2018-03-08,15.7,0,0,0
2018-03-09,15.7,0,0,0
2018-03-12,15.7,0,0,0
2018-03-13,15.7,0,0,0
2018-03-14,15.7,0,0,205260
2018-03-15,15.7,0,0,0
2018-03-16,15.7,0,0,10000
2018-03-19,15.7,0,0,0
2018-03-20,15.7,0,0,0
2018-03-21,15.7,0,0,30000
2018-03-22,15.7,0,0,0
2018-03-23,15.7,0,0,0
2018-03-26,15.7,0,0,0
2018-03-27,15.7,0,0,0
2018-03-28,15.7,0,0,0
2018-03-29,15.7,0,0,0
2018-04-03,15.72,0.02,0.13,25
2018-04-04,15.72,0,0,500
2018-04-05,15.72,0,0,0
2018-04-06,15.72,0,0,0
2018-04-09,15.72,0,0,0
2018-04-10,15.72,0,0,0
2018-04-11,15.72,0,0,0
2018-04-12,15.72,0,0,600
2018-04-13,15.72,0,0,0
2018-04-16,15.72,0,0,12000
2018-04-17,15.72,0,0,4596
2018-04-18,15.72,0,0,0
2018-04-19,15.72,0,0,220
2018-04-20,15.72,0,0,0
2018-04-23,15.72,0,0,5355
2018-04-24,15.72,0,0,0
2018-04-25,15.72,0,0,0
2018-04-26,15.72,0,0,3375
2018-04-27,15.72,0,0,0
2018-04-30,15.72,0,0,0
2018-05-01,15.72,0,0,0
2018-05-02,15.72,0,0,22002
2018-05-03,15.72,0,0,1220
2018-05-04,15.72,0,0,0
2018-05-07,15.72,0,0,0
2018-05-08,15.72,0,0,0
2018-05-09,15.75,0.03,0.19,127
2018-05-10,15.75,0,0,210
2018-05-11,15.75,0,0,20
2018-05-14,15.75,0,0,1300
2018-05-15,15.75,0,0,60
2018-05-16,15.75,0,0,25
2018-05-17,15.75,0,0,0
2018-05-18,15.75,0,0,0
2018-05-21,15.75,0,0,0
2018-05-22,15.75,0,0,5859
2018-05-23,15.75,0,0,0
2018-05-24,15.75,0,0,0
2018-05-25,15.75,0,0,7130
2018-05-28,15.75,0,0,0
2018-05-29,15.75,0,0,0
2018-06-01,15.72,-0.03,-0.19,5266
2018-06-04,15.72,0,0,1000
2018-06-05,15.72,0,0,0
2018-06-06,15.72,0,0,0
2018-06-07,15.72,0,0,0
2018-06-08,15.72,0,0,0
2018-06-11,15.72,0,0,0
2018-06-12,15.73,0.01,0.06,100
2018-06-13,15.75,0.02,0.13,162249
2018-06-14,15.75,0,0,0
2018-06-18,15.75,0,0,0
2018-06-20,15.75,0,0,0
2018-06-21,15.73,-0.02,-0.13,350
2018-06-22,15.73,0,0,0
2018-06-25,15.73,0,0,242
2018-06-26,15.73,0,0,0
2018-06-27,15.73,0,0,0
2018-06-28,15.73,0,0,7822
2018-06-29,15.73,0,0,0
2018-07-02,15.75,0.02,0.13,1311
2018-07-03,15.75,0,0,0
2018-07-04,15.75,0,0,0
2018-07-05,15.75,0,0,0
2018-07-06,15.76,0.01,0.06,1618
2018-07-09,15.76,0,0,0
2018-07-10,15.76,0,0,0
2018-07-11,15.76,0,0,0
2018-07-12,15.76,0,0,0
2018-07-13,15.75,-0.01,-0.06,1500
2018-07-16,15.75,0,0,0
2018-07-17,15.75,0,0,0
2018-07-18,15.75,0,0,0
2018-07-19,15.75,0,0,0
2018-07-20,15.75,0,0,0
2018-07-23,15.75,0,0,0
2018-07-24,15.75,0,0,0
2018-07-25,15.75,0,0,0
2018-07-26,15.74,-0.01,-0.06,6460
2018-07-27,15.74,0,0,0
2018-07-30,15.75,0.01,0.06,200
2018-07-31,15.75,0,0,10
2018-08-02,15.75,0,0,1008
2018-08-03,15.75,0,0,0
2018-08-06,15.75,0,0,0
2018-08-07,15.75,0,0,250
2018-08-08,15.75,0,0,100
2018-08-09,15.75,0,0,0
2018-08-10,15.75,0,0,0
2018-08-13,15.75,0,0,0
2018-08-14,15.75,0,0,0
2018-08-15,15.75,0,0,0
2018-08-16,15.75,0,0,5
2018-08-17,15.75,0,0,0
2018-08-20,15.75,0,0,0
2018-08-21,15.75,0,0,0
2018-08-22,15.75,0,0,0
2018-08-23,15.75,0,0,0
2018-08-24,15.75,0,0,0
2018-08-27,15.75,0,0,0
2018-08-28,15.75,0,0,2386
2018-08-29,15.75,0,0,0
2018-08-30,15.75,0,0,614
2018-09-03,15.75,0,0,0
2018-09-04,15.75,0,0,0
2018-09-05,15.75,0,0,0
2018-09-06,15.75,0,0,0
2018-09-07,15.75,0,0,0
2018-09-10,15.75,0,0,36
2018-09-11,15.75,0,0,0
2018-09-12,15.75,0,0,0
2018-09-13,15.75,0,0,0
2018-09-14,15.75,0,0,0
2018-09-17,15.75,0,0,0
2018-09-18,15.75,0,0,0
2018-09-19,15.75,0,0,0
2018-09-20,15.75,0,0,0
2018-09-21,15.75,0,0,1581
2018-09-25,15.75,0,0,1000
2018-09-26,15.75,0,0,249020
2018-09-27,15.76,0.01,0.06,251063
2018-09-28,15.76,0,0,0
2018-10-01,15.76,0,0,0
2018-10-02,15.76,0,0,0
2018-10-03,15.76,0,0,0
2018-10-04,15.76,0,0,0
2018-10-05,15.75,-0.01,-0.06,114229
2018-10-08,15.75,0,0,120
2018-10-09,15.75,0,0,312
2018-10-10,15.75,0,0,4098
2018-10-11,15.76,0.01,0.06,1000
2018-10-12,15.76,0,0,11122
2018-10-15,15.76,0,0,0
2018-10-16,15.75,-0.01,-0.06,178717
2018-10-17,15.75,0,0,0
2018-10-18,15.75,0,0,0
2018-10-19,15.75,0,0,500
2018-10-22,15.75,0,0,2
2018-10-23,15.75,0,0,0
2018-10-24,15.75,0,0,0
2018-10-25,15.75,0,0,0
2018-10-26,15.73,-0.02,-0.13,150
2018-10-29,15.73,0,0,0
2018-10-30,15.73,0,0,0
2018-10-31,15.7,-0.03,-0.19,1554
2018-11-01,15.7,0,0,150
2018-11-02,15.7,0,0,0
2018-11-05,15.7,0,0,0
2018-11-07,15.7,0,0,0
2018-11-08,15.7,0,0,311
2018-11-09,15.7,0,0,0
2018-11-12,15.7,0,0,0
2018-11-13,15.6,-0.1,-0.64,64
2018-11-14,15.65,0.05,0.32,800
2018-11-15,15.7,0.05,0.32,28543
2018-11-16,15.7,0,0,0
2018-11-19,15.75,0.05,0.32,1457
2018-11-20,15.89,0.14,0.89,700
2018-11-21,15.79,-0.1,-0.63,31336
2018-11-22,15.79,0,0,0
2018-11-23,15.75,-0.04,-0.25,6600
2018-11-26,15.75,0,0,0
2018-11-27,15.79,0.04,0.25,66494
2018-11-28,15.79,0,0,0
2018-11-29,15.8,0.01,0.06,168000
2018-11-30,15.8,0,0,0
2018-12-03,15.8,0,0,0
2018-12-04,15.8,0,0,0
2018-12-05,15.8,0,0,0
2018-12-06,15.8,0,0,2000
2018-12-07,15.8,0,0,0
2018-12-10,15.8,0,0,0
2018-12-11,15.8,0,0,0
2018-12-12,15.8,0,0,0
2018-12-13,15.8,0,0,0
2018-12-14,15.8,0,0,0
2018-12-17,16,0.2,1.27,100
2018-12-18,16,0,0,0
2018-12-19,16,0,0,0
2018-12-20,16,0,0,0
2018-12-21,16,0,0,0
2018-12-24,15.86,-0.14,-0.88,6615
2018-12-27,15.86,0,0,0
2018-12-28,15.86,0,0,0
2018-12-31,15.86,0,0,0
2019-01-02,15.86,0,0,0
2019-01-03,15.86,0,0,0
2019-01-04,15.86,0,0,0
2019-01-07,16.05,0.19,1.2,19300
2019-01-08,16.01,-0.04,-0.25,100100
2019-01-09,16.01,0,0,0
2019-01-10,16.05,0.04,0.25,10
2019-01-11,16.05,0,0,0
2019-01-14,16.05,0,0,142
2019-01-15,16.05,0,0,0
2019-01-16,16.05,0,0,0
2019-01-17,16.05,0,0,0
2019-01-18,16.05,0,0,0
2019-01-21,16.05,0,0,0
2019-01-22,16.05,0,0,0
2019-01-23,16.05,0,0,0
2019-01-24,16.05,0,0,0
2019-01-25,16.05,0,0,0
2019-01-28,16.05,0,0,0
2019-01-29,16.05,0,0,0
2019-01-30,16.05,0,0,0
2019-01-31,16,-0.05,-0.31,69858
2019-02-01,16.02,0.02,0.13,6000
2019-02-04,16.05,0.03,0.19,11464
2019-02-05,16.05,0,0,0
2019-02-06,16.03,-0.02,-0.12,200
2019-02-07,16.03,0,0,0
2019-02-08,16.03,0,0,112
2019-02-11,16.03,0,0,0
2019-02-12,16.03,0,0,0
2019-02-13,16.03,0,0,0
2019-02-14,16.03,0,0,0
2019-02-15,16.03,0,0,0
2019-02-18,16.03,0,0,0
2019-02-19,16.03,0,0,0
2019-02-20,16.03,0,0,0
2019-02-21,16,-0.03,-0.19,200
2019-02-22,16,0,0,0
2019-02-25,16,0,0,0
2019-02-26,15.8,-0.2,-1.25,4870
2019-02-27,15.8,0,0,0
2019-02-28,15.8,0,0,0
2019-03-01,15.8,0,0,0
2019-03-06,15.8,0,0,200
2019-03-07,15.8,0,0,0
2019-03-08,15.8,0,0,1380
2019-03-11,15.8,0,0,0
2019-03-12,15.8,0,0,0
2019-03-13,15.8,0,0,0
2019-03-14,15.8,0,0,0
2019-03-15,15.8,0,0,100969
2019-03-18,15.8,0,0,62895
2019-03-19,15.8,0,0,0
2019-03-20,15.8,0,0,0
2019-03-21,15.8,0,0,100
2019-03-22,15.8,0,0,2219
2019-03-25,15.8,0,0,25
2019-03-26,15.83,0.03,0.19,440
2019-03-27,15.8,-0.03,-0.19,13956
2019-03-28,15.8,0,0,0
2019-03-29,15.8,0,0,0
2019-04-01,15.8,0,0,0
2019-04-02,15.8,0,0,0
2019-04-03,15.8,0,0,0
2019-04-04,16,0.2,1.27,306
2019-04-05,16,0,0,5
2019-04-08,16,0,0,1050
2019-04-09,16,0,0,0
2019-04-10,16,0,0,0
2019-04-11,16,0,0,10
2019-04-12,16,0,0,0
2019-04-15,15.8,-0.2,-1.25,1105
2019-04-16,15.8,0,0,0
2019-04-17,15.8,0,0,0
2019-04-18,15.8,0,0,0
2019-04-23,15.8,0,0,0
2019-04-24,15.8,0,0,0
2019-04-25,15.8,0,0,0
2019-04-26,15.8,0,0,0
2019-04-29,15.8,0,0,200
2019-04-30,15.8,0,0,0
2019-05-01,15.8,0,0,0
2019-05-02,15.8,0,0,0
2019-05-03,15.8,0,0,0
2019-05-06,15.8,0,0,0
2019-05-07,15.8,0,0,25843
2019-05-08,15.8,0,0,14157
2019-05-09,15.8,0,0,0
2019-05-10,15.8,0,0,1940
2019-05-13,15.8,0,0,70
2019-05-14,15.8,0,0,0
2019-05-15,15.8,0,0,0
2019-05-16,15.8,0,0,0
2019-05-17,15.8,0,0,0
2019-05-20,15.8,0,0,0
2019-05-21,15.8,0,0,0
2019-05-22,15.8,0,0,0
2019-05-23,15.8,0,0,0
2019-05-24,15.8,0,0,158
2019-05-27,15.8,0,0,10
2019-05-28,15.8,0,0,1932
2019-05-29,15.8,0,0,0
2019-05-31,15.8,0,0,0
2019-06-03,15.8,0,0,0
2019-06-04,16,0.2,1.27,110753
2019-06-06,16.04,0.04,0.25,50
2019-06-07,16.06,0.02,0.12,50680
2019-06-10,16.06,0,0,0
2019-06-11,16.06,0,0,0
2019-06-12,16.06,0,0,0
2019-06-13,16.06,0,0,0
2019-06-14,16.06,0,0,0
2019-06-17,16.06,0,0,0
2019-06-18,16.05,-0.01,-0.06,55
2019-06-21,16.05,0,0,0
2019-06-24,16.05,0,0,0
2019-06-25,16.05,0,0,0
2019-06-26,16.05,0,0,0
2019-06-27,16.05,0,0,0
2019-06-28,16.05,0,0,0
2019-07-01,16.05,0,0,0
2019-07-02,16.05,0,0,0
2019-07-03,16.05,0,0,0
2019-07-04,16.05,0,0,3000
2019-07-05,16.05,0,0,8620
2019-07-08,16.05,0,0,0
2019-07-09,16.05,0,0,0
2019-07-10,16.05,0,0,0
2019-07-11,16.05,0,0,0
2019-07-12,16.05,0,0,0
2019-07-15,16.05,0,0,0
2019-07-16,15.99,-0.06,-0.37,10
2019-07-17,15.99,0,0,11853
2019-07-18,15.99,0,0,0
2019-07-19,15.99,0,0,0
2019-07-22,15.99,0,0,0
2019-07-23,16,0.01,0.06,6203
2019-07-24,15.79,-0.21,-1.31,3960
2019-07-25,15.79,0,0,500
2019-07-26,15.79,0,0,0
2019-07-29,15.79,0,0,0
2019-07-30,15.79,0,0,0
2019-07-31,15.79,0,0,0
2019-08-02,15.79,0,0,0
2019-08-05,15.79,0,0,0
2019-08-06,15.79,0,0,1485
2019-08-07,15.79,0,0,0
2019-08-08,15.79,0,0,0
2019-08-09,16.05,0.26,1.65,500
2019-08-12,16.05,0,0,0
2019-08-13,15.79,-0.26,-1.62,400
2019-08-14,15.79,0,0,0
2019-08-15,15.79,0,0,0
2019-08-16,15.79,0,0,0
2019-08-19,15.79,0,0,100
2019-08-20,15.79,0,0,0
2019-08-21,15.86,0.07,0.44,35000
2019-08-22,15.86,0,0,0
2019-08-23,15.86,0,0,0
2019-08-26,15.85,-0.01,-0.06,148000
2019-08-27,15.83,-0.02,-0.13,37720
2019-08-28,15.84,0.01,0.06,5100
2019-08-29,15.84,0,0,0
2019-08-30,15.84,0,0,0
2019-09-02,15.84,0,0,0
2019-09-03,15.85,0.01,0.06,2000
2019-09-04,16.05,0.2,1.26,100
2019-09-05,16.05,0,0,0
2019-09-06,16.05,0,0,0
2019-09-09,16.05,0,0,75010
2019-09-10,16.05,0,0,0
2019-09-11,16.05,0,0,101683
2019-09-12,16.05,0,0,400
2019-09-13,16.05,0,0,0
2019-09-16,16.05,0,0,0
2019-09-17,16.05,0,0,0
2019-09-18,16,-0.05,-0.31,990
2019-09-19,16.04,0.04,0.25,13003
2019-09-20,16,-0.04,-0.25,1500
2019-09-23,16,0,0,5144
2019-09-25,16,0,0,0
2019-09-26,16,0,0,495
2019-09-27,16,0,0,0
2019-09-30,16,0,0,5000
2019-10-01,16,0,0,0
2019-10-02,16,0,0,0
2019-10-03,16,0,0,0
2019-10-04,16,0,0,0
2019-10-07,16,0,0,0
2019-10-08,16.05,0.05,0.31,1000
2019-10-09,16.05,0,0,0
2019-10-10,16.05,0,0,0
2019-10-11,16.05,0,0,100
2019-10-14,16.05,0,0,0
2019-10-15,16,-0.05,-0.31,2000
2019-10-16,16,0,0,0
2019-10-17,16,0,0,0
2019-10-18,16.04,0.04,0.25,6000
2019-10-21,16.05,0.01,0.06,4557
2019-10-22,16.05,0,0,11472
2019-10-23,16.05,0,0,0
2019-10-24,16.05,0,0,0
2019-10-25,16.05,0,0,0
2019-10-29,16.02,-0.03,-0.19,2000
2019-10-30,16.02,0,0,0
2019-10-31,16.02,0,0,0
2019-11-01,16.02,0,0,0
2019-11-04,16.02,0,0,0
2019-11-05,16.02,0,0,0
2019-11-06,16.02,0,0,0
2019-11-07,16.02,0,0,0
2019-11-08,16.02,0,0,0
2019-11-11,16.02,0,0,0
2019-11-12,16.02,0,0,0
2019-11-13,16.02,0,0,0
2019-11-14,16.02,0,0,0
2019-11-15,16.02,0,0,0
2019-11-18,16.02,0,0,0
2019-11-19,16.02,0,0,0
2019-11-20,16.2,0.18,1.12,210
2019-11-21,16.2,0,0,0
2019-11-22,16.2,0,0,0
2019-11-25,16.2,0,0,200
2019-11-26,16.2,0,0,0
2019-11-27,16.2,0,0,0
2019-11-28,16.2,0,0,0
2019-11-29,16.2,0,0,0
2019-12-02,16.2,0,0,0
2019-12-03,16.2,0,0,2615
2019-12-04,16.2,0,0,0
2019-12-05,16.2,0,0,0
2019-12-06,16.2,0,0,0
2019-12-09,16.2,0,0,0
2019-12-10,16.2,0,0,100
2019-12-11,16.2,0,0,0
2019-12-12,16.2,0,0,0
2019-12-13,16.2,0,0,0
2019-12-16,16.2,0,0,0
2019-12-17,16.2,0,0,0
2019-12-18,16.2,0,0,0
2019-12-19,16.2,0,0,0
2019-12-20,16.2,0,0,0
2019-12-23,16.2,0,0,990
2019-12-24,16.2,0,0,0
2019-12-27,16.2,0,0,0
2019-12-30,16.2,0,0,0
2019-12-31,16.2,0,0,0
2020-01-02,16.2,0,0,0
2020-01-03,16.2,0,0,4555
2020-01-06,16.2,0,0,20
2020-01-07,16.02,-0.18,-1.11,8500
2020-01-08,16.02,0,0,4
2020-01-09,16.2,0.18,1.12,100
2020-01-10,16.2,0,0,0
2020-01-13,16.2,0,0,327
2020-01-14,16.15,-0.05,-0.31,11923
2020-01-15,16.15,0,0,0
2020-01-16,16.16,0.01,0.06,4400
2020-01-17,16.2,0.04,0.25,6210
2020-01-20,16.17,-0.03,-0.19,1250
2020-01-21,16.17,0,0,0
2020-01-22,16.17,0,0,1188
2020-01-23,16.17,0,0,0
2020-01-24,16.17,0,0,1000
2020-01-27,16.17,0,0,0
2020-01-28,16.3,0.13,0.8,20
2020-01-29,16.3,0,0,0
2020-01-30,16.3,0,0,0
2020-01-31,16.3,0,0,0
2020-02-03,16.3,0,0,0
2020-02-04,16.3,0,0,0
2020-02-05,16.3,0,0,0
2020-02-06,16.3,0,0,0
2020-02-07,16.3,0,0,0
2020-02-10,16.3,0,0,0
2020-02-11,16.34,0.04,0.25,10
2020-02-12,16.34,0,0,0
2020-02-13,16.3,-0.04,-0.24,5940
2020-02-14,16.3,0,0,0
2020-02-17,16.3,0,0,0
2020-02-18,16.3,0,0,0
2020-02-19,16.3,0,0,0
2020-02-20,16.3,0,0,0
2020-02-21,16.3,0,0,0
2020-02-26,16.3,0,0,0
2020-02-27,16.3,0,0,0
2020-02-28,16.36,0.06,0.37,5045
2020-03-02,16.35,-0.01,-0.06,3917
2020-03-03,16.3,-0.05,-0.31,310
2020-03-04,16.35,0.05,0.31,1083
2020-03-05,16.35,0,0,0
2020-03-06,16.2,-0.15,-0.92,65
2020-03-09,16.2,0,0,0
2020-03-10,16.2,0,0,0
2020-03-11,16.25,0.05,0.31,68375
2020-03-12,16.25,0,0,663
2020-03-13,16.25,0,0,28234
2020-03-16,16.25,0,0,0
2020-03-17,16.2,-0.05,-0.31,14714
2020-03-18,16.2,0,0,0
2020-03-19,16.2,0,0,0
2020-03-20,16.2,0,0,0
2020-03-23,15,-1.2,-7.41,50
2020-03-24,15,0,0,0
2020-03-25,14.5,-0.5,-3.33,5
2020-03-26,14.5,0,0,125
2020-03-27,14.5,0,0,0
2020-03-31,14.5,0,0,0
2020-04-01,14.46,-0.04,-0.28,30
2020-04-02,14.46,0,0,0
2020-04-03,14.46,0,0,0
2020-04-06,14.46,0,0,0
2020-04-07,14.46,0,0,0
2020-04-08,14.46,0,0,0
2020-04-09,14.46,0,0,0
2020-04-14,14.46,0,0,0
2020-04-15,14.46,0,0,0
2020-04-16,14,-0.46,-3.18,1000
2020-04-17,14,0,0,875651
2020-04-20,13.99,-0.01,-0.07,22039
2020-04-21,13.99,0,0,0
2020-04-22,13.99,0,0,0
2020-04-23,13.99,0,0,0
2020-04-24,13.99,0,0,0
2020-04-27,13.85,-0.14,-1,596
2020-04-28,13.85,0,0,12557
2020-04-29,13.85,0,0,0
2020-04-30,13.85,0,0,0
2020-05-01,13.85,0,0,0
2020-05-04,13.85,0,0,390
2020-05-05,13.85,0,0,0
2020-05-06,13.85,0,0,0
2020-05-07,13.85,0,0,0
2020-05-08,13.85,0,0,0
2020-05-11,13.85,0,0,0
2020-05-12,14,0.15,1.08,7193
2020-05-13,14,0,0,1714
2020-05-14,14,0,0,71700
2020-05-15,13.99,-0.01,-0.07,1500
2020-05-18,14,0.01,0.07,10810
2020-05-19,14,0,0,2475
2020-05-20,14,0,0,0
2020-05-21,14,0,0,0
2020-05-22,14,0,0,0
2020-05-26,14,0,0,0
2020-05-27,14.4,0.4,2.86,1170
2020-05-28,14.4,0,0,0
2020-05-29,14.4,0,0,475
2020-06-01,14.4,0,0,5855
2020-06-02,14.4,0,0,0
2020-06-03,14.4,0,0,62687
2020-06-04,14.4,0,0,0
2020-06-05,14.4,0,0,0
2020-06-08,14.45,0.05,0.35,913
2020-06-09,14.45,0,0,0
2020-06-10,14.45,0,0,0
2020-06-12,14.45,0,0,0
2020-06-15,14.45,0,0,0
